association,competition_name,grade,round,game_date,game_time,venue,pitch,home_club_name,home_team,home_team_label,home_team_url,home_revsports_team_id,away_club_name,away_team,away_team_label,away_team_url,away_revsports_team_id,home_score,away_score,is_bye,umpire_1,umpire_2,team_side,club_name,team,team_label,team_url,revsports_team_id,player_name,jersey,is_goalkeeper,is_captain,attended,is_fillin,is_removed,revsports_player_id,goals,green_cards,yellow_cards,red_cards,match_url,scraped_at,appearance_key,revsports_competition_id,revsports_grade_id,revsports_venue_id,revsports_venue_url,revsports_match_id
Hockey Ballarat,Hockey Ballarat 2026 Winter Competition,Division 2 Men,Round 7,2026-06-21,10:30,Prince of Wales Park,Full Pitch,EGC,EGC Blue,EGC EGC Blue,https://www.revolutionise.com.au/hockeyballarat/games/team/26298/417798,417798,EGC,EGC Gold,EGC EGC Gold,https://www.revolutionise.com.au/hockeyballarat/games/team/26298/417797,417797,,,FALSE,Mitchell Ryan,Ben Sturmfels,home,EGC,EGC Blue,EGC EGC Blue,https://www.revolutionise.com.au/hockeyballarat/games/team/26298/417798,417798,Aarav K.,73,FALSE,FALSE,TRUE,FALSE,FALSE,KvzbeUm,,,,,https://www.revolutionise.com.au/hockeyballarat/game/2564742,2026-06-21 10:38:02,https://www.revolutionise.com.au/hockeyballarat/game/2564742|417798|KvzbeUm,26298,14932,18277,https://www.revolutionise.com.au/hockeyballarat/venues/26298/18277,2564742
Hockey Ballarat,Hockey Ballarat 2026 Winter Competition,Division 2 Men,Round 7,2026-06-21,10:30,Prince of Wales Park,Full Pitch,EGC,EGC Blue,EGC EGC Blue,https://www.revolutionise.com.au/hockeyballarat/games/team/26298/417798,417798,EGC,EGC Gold,EGC EGC Gold,https://www.revolutionise.com.au/hockeyballarat/games/team/26298/417797,417797,,,FALSE,Mitchell Ryan,Ben Sturmfels,home,EGC,EGC Blue,EGC EGC Blue,https://www.revolutionise.com.au/hockeyballarat/games/team/26298/417798,417798,Aaron L.,29,FALSE,FALSE,TRUE,FALSE,FALSE,K1Z0rfm,2,,,,https://www.revolutionise.com.au/hockeyballarat/game/2564742,2026-06-21 10:38:02,https://www.revolutionise.com.au/hockeyballarat/game/2564742|417798|K1Z0rfm,26298,14932,18277,https://www.revolutionise.com.au/hockeyballarat/venues/26298/18277,2564742
Hockey Ballarat,Hockey Ballarat 2026 Winter Competition,Division 2 Men,Round 7,2026-06-21,10:30,Prince of Wales Park,Full Pitch,EGC,EGC Blue,EGC EGC Blue,https://www.revolutionise.com.au/hockeyballarat/games/team/26298/417798,417798,EGC,EGC Gold,EGC EGC Gold,https://www.revolutionise.com.au/hockeyballarat/games/team/26298/417797,417797,,,FALSE,Mitchell Ryan,Ben Sturmfels,home,EGC,EGC Blue,EGC EGC Blue,https://www.revolutionise.com.au/hockeyballarat/games/team/26298/417798,417798,Ben S.,45,FALSE,FALSE,TRUE,FALSE,FALSE,Vz3w9fw,,,,,https://www.revolutionise.com.au/hockeyballarat/game/2564742,2026-06-21 10:38:02,https://www.revolutionise.com.au/hockeyballarat/game/2564742|417798|Vz3w9fw,26298,14932,18277,https://www.revolutionise.com.au/hockeyballarat/venues/26298/18277,2564742
Hockey Ballarat,Hockey Ballarat 2026 Winter Competition,Division 2 Men,Round 7,2026-06-21,10:30,Prince of Wales Park,Full Pitch,EGC,EGC Blue,EGC EGC Blue,https://www.revolutionise.com.au/hockeyballarat/games/team/26298/417798,417798,EGC,EGC Gold,EGC EGC Gold,https://www.revolutionise.com.au/hockeyballarat/games/team/26298/417797,417797,,,FALSE,Mitchell Ryan,Ben Sturmfels,home,EGC,EGC Blue,EGC EGC Blue,https://www.revolutionise.com.au/hockeyballarat/games/team/26298/417798,417798,Daniel S.,64,FALSE,FALSE,FALSE,FALSE,FALSE,NDbgBul,,,,,https://www.revolutionise.com.au/hockeyballarat/game/2564742,2026-06-21 10:38:02,https://www.revolutionise.com.au/hockeyballarat/game/2564742|417798|NDbgBul,26298,14932,18277,https://www.revolutionise.com.au/hockeyballarat/venues/26298/18277,2564742
Hockey Ballarat,Hockey Ballarat 2026 Winter Competition,Division 2 Men,Round 7,2026-06-21,10:30,Prince of Wales Park,Full Pitch,EGC,EGC Blue,EGC EGC Blue,https://www.revolutionise.com.au/hockeyballarat/games/team/26298/417798,417798,EGC,EGC Gold,EGC EGC Gold,https://www.revolutionise.com.au/hockeyballarat/games/team/26298/417797,417797,,,FALSE,Mitchell Ryan,Ben Sturmfels,home,EGC,EGC Blue,EGC EGC Blue,https://www.revolutionise.com.au/hockeyballarat/games/team/26298/417798,417798,Fionn Z.,7,FALSE,FALSE,FALSE,FALSE,FALSE,K1BAnFm,,,,,https://www.revolutionise.com.au/hockeyballarat/game/2564742,2026-06-21 10:38:02,https://www.revolutionise.com.au/hockeyballarat/game/2564742|417798|K1BAnFm,26298,14932,18277,https://www.revolutionise.com.au/hockeyballarat/venues/26298/18277,2564742
Hockey Ballarat,Hockey Ballarat 2026 Winter Competition,Division 2 Men,Round 7,2026-06-21,10:30,Prince of Wales Park,Full Pitch,EGC,EGC Blue,EGC EGC Blue,https://www.revolutionise.com.au/hockeyballarat/games/team/26298/417798,417798,EGC,EGC Gold,EGC EGC Gold,https://www.revolutionise.com.au/hockeyballarat/games/team/26298/417797,417797,,,FALSE,Mitchell Ryan,Ben Sturmfels,home,EGC,EGC Blue,EGC EGC Blue,https://www.revolutionise.com.au/hockeyballarat/games/team/26298/417798,417798,Jacob L.,1,TRUE,FALSE,TRUE,FALSE,FALSE,xN4JvUD,,,,,https://www.revolutionise.com.au/hockeyballarat/game/2564742,2026-06-21 10:38:02,https://www.revolutionise.com.au/hockeyballarat/game/2564742|417798|xN4JvUD,26298,14932,18277,https://www.revolutionise.com.au/hockeyballarat/venues/26298/18277,2564742
Hockey Ballarat,Hockey Ballarat 2026 Winter Competition,Division 2 Men,Round 7,2026-06-21,10:30,Prince of Wales Park,Full Pitch,EGC,EGC Blue,EGC EGC Blue,https://www.revolutionise.com.au/hockeyballarat/games/team/26298/417798,417798,EGC,EGC Gold,EGC EGC Gold,https://www.revolutionise.com.au/hockeyballarat/games/team/26298/417797,417797,,,FALSE,Mitchell Ryan,Ben Sturmfels,home,EGC,EGC Blue,EGC EGC Blue,https://www.revolutionise.com.au/hockeyballarat/games/team/26298/417798,417798,Leo T.,81,FALSE,FALSE,TRUE,FALSE,FALSE,81Xx9CD,,,,,https://www.revolutionise.com.au/hockeyballarat/game/2564742,2026-06-21 10:38:02,https://www.revolutionise.com.au/hockeyballarat/game/2564742|417798|81Xx9CD,26298,14932,18277,https://www.revolutionise.com.au/hockeyballarat/venues/26298/18277,2564742
Hockey Ballarat,Hockey Ballarat 2026 Winter Competition,Division 2 Men,Round 7,2026-06-21,10:30,Prince of Wales Park,Full Pitch,EGC,EGC Blue,EGC EGC Blue,https://www.revolutionise.com.au/hockeyballarat/games/team/26298/417798,417798,EGC,EGC Gold,EGC EGC Gold,https://www.revolutionise.com.au/hockeyballarat/games/team/26298/417797,417797,,,FALSE,Mitchell Ryan,Ben Sturmfels,home,EGC,EGC Blue,EGC EGC Blue,https://www.revolutionise.com.au/hockeyballarat/games/team/26298/417798,417798,Manav K.,93,FALSE,FALSE,TRUE,FALSE,FALSE,710QqS8,,,,,https://www.revolutionise.com.au/hockeyballarat/game/2564742,2026-06-21 10:38:02,https://www.revolutionise.com.au/hockeyballarat/game/2564742|417798|710QqS8,26298,14932,18277,https://www.revolutionise.com.au/hockeyballarat/venues/26298/18277,2564742
Hockey Ballarat,Hockey Ballarat 2026 Winter Competition,Division 2 Men,Round 7,2026-06-21,10:30,Prince of Wales Park,Full Pitch,EGC,EGC Blue,EGC EGC Blue,https://www.revolutionise.com.au/hockeyballarat/games/team/26298/417798,417798,EGC,EGC Gold,EGC EGC Gold,https://www.revolutionise.com.au/hockeyballarat/games/team/26298/417797,417797,,,FALSE,Mitchell Ryan,Ben Sturmfels,home,EGC,EGC Blue,EGC EGC Blue,https://www.revolutionise.com.au/hockeyballarat/games/team/26298/417798,417798,Mitch D.,50,FALSE,FALSE,TRUE,FALSE,FALSE,MPbqLia,,,,,https://www.revolutionise.com.au/hockeyballarat/game/2564742,2026-06-21 10:38:02,https://www.revolutionise.com.au/hockeyballarat/game/2564742|417798|MPbqLia,26298,14932,18277,https://www.revolutionise.com.au/hockeyballarat/venues/26298/18277,2564742
Hockey Ballarat,Hockey Ballarat 2026 Winter Competition,Division 2 Men,Round 7,2026-06-21,10:30,Prince of Wales Park,Full Pitch,EGC,EGC Blue,EGC EGC Blue,https://www.revolutionise.com.au/hockeyballarat/games/team/26298/417798,417798,EGC,EGC Gold,EGC EGC Gold,https://www.revolutionise.com.au/hockeyballarat/games/team/26298/417797,417797,,,FALSE,Mitchell Ryan,Ben Sturmfels,home,EGC,EGC Blue,EGC EGC Blue,https://www.revolutionise.com.au/hockeyballarat/games/team/26298/417798,417798,Ned S.,14,FALSE,FALSE,TRUE,FALSE,FALSE,AqnxAcq,,,,,https://www.revolutionise.com.au/hockeyballarat/game/2564742,2026-06-21 10:38:02,https://www.revolutionise.com.au/hockeyballarat/game/2564742|417798|AqnxAcq,26298,14932,18277,https://www.revolutionise.com.au/hockeyballarat/venues/26298/18277,2564742
Hockey Ballarat,Hockey Ballarat 2026 Winter Competition,Division 2 Men,Round 7,2026-06-21,10:30,Prince of Wales Park,Full Pitch,EGC,EGC Blue,EGC EGC Blue,https://www.revolutionise.com.au/hockeyballarat/games/team/26298/417798,417798,EGC,EGC Gold,EGC EGC Gold,https://www.revolutionise.com.au/hockeyballarat/games/team/26298/417797,417797,,,FALSE,Mitchell Ryan,Ben Sturmfels,home,EGC,EGC Blue,EGC EGC Blue,https://www.revolutionise.com.au/hockeyballarat/games/team/26298/417798,417798,Riley K.,15,FALSE,FALSE,FALSE,FALSE,FALSE,O8VRGU9,,,,,https://www.revolutionise.com.au/hockeyballarat/game/2564742,2026-06-21 10:38:02,https://www.revolutionise.com.au/hockeyballarat/game/2564742|417798|O8VRGU9,26298,14932,18277,https://www.revolutionise.com.au/hockeyballarat/venues/26298/18277,2564742
Hockey Ballarat,Hockey Ballarat 2026 Winter Competition,Division 2 Men,Round 7,2026-06-21,10:30,Prince of Wales Park,Full Pitch,EGC,EGC Blue,EGC EGC Blue,https://www.revolutionise.com.au/hockeyballarat/games/team/26298/417798,417798,EGC,EGC Gold,EGC EGC Gold,https://www.revolutionise.com.au/hockeyballarat/games/team/26298/417797,417797,,,FALSE,Mitchell Ryan,Ben Sturmfels,home,EGC,EGC Blue,EGC EGC Blue,https://www.revolutionise.com.au/hockeyballarat/games/team/26298/417798,417798,Russell S.,61,FALSE,FALSE,TRUE,FALSE,FALSE,ZNmgaul,,,,,https://www.revolutionise.com.au/hockeyballarat/game/2564742,2026-06-21 10:38:02,https://www.revolutionise.com.au/hockeyballarat/game/2564742|417798|ZNmgaul,26298,14932,18277,https://www.revolutionise.com.au/hockeyballarat/venues/26298/18277,2564742
Hockey Ballarat,Hockey Ballarat 2026 Winter Competition,Division 2 Men,Round 7,2026-06-21,10:30,Prince of Wales Park,Full Pitch,EGC,EGC Blue,EGC EGC Blue,https://www.revolutionise.com.au/hockeyballarat/games/team/26298/417798,417798,EGC,EGC Gold,EGC EGC Gold,https://www.revolutionise.com.au/hockeyballarat/games/team/26298/417797,417797,,,FALSE,Mitchell Ryan,Ben Sturmfels,home,EGC,EGC Blue,EGC EGC Blue,https://www.revolutionise.com.au/hockeyballarat/games/team/26298/417798,417798,Stephen M.,22,FALSE,FALSE,TRUE,FALSE,FALSE,9wVYZhX,,,,,https://www.revolutionise.com.au/hockeyballarat/game/2564742,2026-06-21 10:38:02,https://www.revolutionise.com.au/hockeyballarat/game/2564742|417798|9wVYZhX,26298,14932,18277,https://www.revolutionise.com.au/hockeyballarat/venues/26298/18277,2564742
Hockey Ballarat,Hockey Ballarat 2026 Winter Competition,Division 2 Men,Round 7,2026-06-21,10:30,Prince of Wales Park,Full Pitch,EGC,EGC Blue,EGC EGC Blue,https://www.revolutionise.com.au/hockeyballarat/games/team/26298/417798,417798,EGC,EGC Gold,EGC EGC Gold,https://www.revolutionise.com.au/hockeyballarat/games/team/26298/417797,417797,,,FALSE,Mitchell Ryan,Ben Sturmfels,home,EGC,EGC Blue,EGC EGC Blue,https://www.revolutionise.com.au/hockeyballarat/games/team/26298/417798,417798,Andrew K.,,FALSE,FALSE,TRUE,TRUE,FALSE,lDVqmFx,,,,,https://www.revolutionise.com.au/hockeyballarat/game/2564742,2026-06-21 10:38:02,https://www.revolutionise.com.au/hockeyballarat/game/2564742|417798|lDVqmFx,26298,14932,18277,https://www.revolutionise.com.au/hockeyballarat/venues/26298/18277,2564742
Hockey Ballarat,Hockey Ballarat 2026 Winter Competition,Division 2 Men,Round 7,2026-06-21,10:30,Prince of Wales Park,Full Pitch,EGC,EGC Blue,EGC EGC Blue,https://www.revolutionise.com.au/hockeyballarat/games/team/26298/417798,417798,EGC,EGC Gold,EGC EGC Gold,https://www.revolutionise.com.au/hockeyballarat/games/team/26298/417797,417797,,,FALSE,Mitchell Ryan,Ben Sturmfels,home,EGC,EGC Blue,EGC EGC Blue,https://www.revolutionise.com.au/hockeyballarat/games/team/26298/417798,417798,Edmund H.,,FALSE,FALSE,TRUE,TRUE,FALSE,PMZqNiP,1,1,,,https://www.revolutionise.com.au/hockeyballarat/game/2564742,2026-06-21 10:38:02,https://www.revolutionise.com.au/hockeyballarat/game/2564742|417798|PMZqNiP,26298,14932,18277,https://www.revolutionise.com.au/hockeyballarat/venues/26298/18277,2564742
Hockey Ballarat,Hockey Ballarat 2026 Winter Competition,Division 2 Men,Round 7,2026-06-21,10:30,Prince of Wales Park,Full Pitch,EGC,EGC Blue,EGC EGC Blue,https://www.revolutionise.com.au/hockeyballarat/games/team/26298/417798,417798,EGC,EGC Gold,EGC EGC Gold,https://www.revolutionise.com.au/hockeyballarat/games/team/26298/417797,417797,,,FALSE,Mitchell Ryan,Ben Sturmfels,home,EGC,EGC Blue,EGC EGC Blue,https://www.revolutionise.com.au/hockeyballarat/games/team/26298/417798,417798,James C.,,FALSE,FALSE,TRUE,TRUE,FALSE,V9Jz7Tw,,,,,https://www.revolutionise.com.au/hockeyballarat/game/2564742,2026-06-21 10:38:02,https://www.revolutionise.com.au/hockeyballarat/game/2564742|417798|V9Jz7Tw,26298,14932,18277,https://www.revolutionise.com.au/hockeyballarat/venues/26298/18277,2564742
Hockey Ballarat,Hockey Ballarat 2026 Winter Competition,Division 2 Men,Round 7,2026-06-21,10:30,Prince of Wales Park,Full Pitch,EGC,EGC Blue,EGC EGC Blue,https://www.revolutionise.com.au/hockeyballarat/games/team/26298/417798,417798,EGC,EGC Gold,EGC EGC Gold,https://www.revolutionise.com.au/hockeyballarat/games/team/26298/417797,417797,,,FALSE,Mitchell Ryan,Ben Sturmfels,away,EGC,EGC Gold,EGC EGC Gold,https://www.revolutionise.com.au/hockeyballarat/games/team/26298/417797,417797,Alex S.,8,FALSE,FALSE,TRUE,FALSE,FALSE,ZlRMwhl,,,,,https://www.revolutionise.com.au/hockeyballarat/game/2564742,2026-06-21 10:38:02,https://www.revolutionise.com.au/hockeyballarat/game/2564742|417797|ZlRMwhl,26298,14932,18277,https://www.revolutionise.com.au/hockeyballarat/venues/26298/18277,2564742
Hockey Ballarat,Hockey Ballarat 2026 Winter Competition,Division 2 Men,Round 7,2026-06-21,10:30,Prince of Wales Park,Full Pitch,EGC,EGC Blue,EGC EGC Blue,https://www.revolutionise.com.au/hockeyballarat/games/team/26298/417798,417798,EGC,EGC Gold,EGC EGC Gold,https://www.revolutionise.com.au/hockeyballarat/games/team/26298/417797,417797,,,FALSE,Mitchell Ryan,Ben Sturmfels,away,EGC,EGC Gold,EGC EGC Gold,https://www.revolutionise.com.au/hockeyballarat/games/team/26298/417797,417797,Cooper W.,10,FALSE,FALSE,TRUE,FALSE,FALSE,9DrDaHX,,,,,https://www.revolutionise.com.au/hockeyballarat/game/2564742,2026-06-21 10:38:02,https://www.revolutionise.com.au/hockeyballarat/game/2564742|417797|9DrDaHX,26298,14932,18277,https://www.revolutionise.com.au/hockeyballarat/venues/26298/18277,2564742
Hockey Ballarat,Hockey Ballarat 2026 Winter Competition,Division 2 Men,Round 7,2026-06-21,10:30,Prince of Wales Park,Full Pitch,EGC,EGC Blue,EGC EGC Blue,https://www.revolutionise.com.au/hockeyballarat/games/team/26298/417798,417798,EGC,EGC Gold,EGC EGC Gold,https://www.revolutionise.com.au/hockeyballarat/games/team/26298/417797,417797,,,FALSE,Mitchell Ryan,Ben Sturmfels,away,EGC,EGC Gold,EGC EGC Gold,https://www.revolutionise.com.au/hockeyballarat/games/team/26298/417797,417797,Jasmine M.,26,FALSE,FALSE,TRUE,FALSE,FALSE,ay2NnT1,,,,,https://www.revolutionise.com.au/hockeyballarat/game/2564742,2026-06-21 10:38:02,https://www.revolutionise.com.au/hockeyballarat/game/2564742|417797|ay2NnT1,26298,14932,18277,https://www.revolutionise.com.au/hockeyballarat/venues/26298/18277,2564742
Hockey Ballarat,Hockey Ballarat 2026 Winter Competition,Division 2 Men,Round 7,2026-06-21,10:30,Prince of Wales Park,Full Pitch,EGC,EGC Blue,EGC EGC Blue,https://www.revolutionise.com.au/hockeyballarat/games/team/26298/417798,417798,EGC,EGC Gold,EGC EGC Gold,https://www.revolutionise.com.au/hockeyballarat/games/team/26298/417797,417797,,,FALSE,Mitchell Ryan,Ben Sturmfels,away,EGC,EGC Gold,EGC EGC Gold,https://www.revolutionise.com.au/hockeyballarat/games/team/26298/417797,417797,Jo V.,1,TRUE,FALSE,TRUE,FALSE,FALSE,QVeO3tw,,,,,https://www.revolutionise.com.au/hockeyballarat/game/2564742,2026-06-21 10:38:02,https://www.revolutionise.com.au/hockeyballarat/game/2564742|417797|QVeO3tw,26298,14932,18277,https://www.revolutionise.com.au/hockeyballarat/venues/26298/18277,2564742
Hockey Ballarat,Hockey Ballarat 2026 Winter Competition,Division 2 Men,Round 7,2026-06-21,10:30,Prince of Wales Park,Full Pitch,EGC,EGC Blue,EGC EGC Blue,https://www.revolutionise.com.au/hockeyballarat/games/team/26298/417798,417798,EGC,EGC Gold,EGC EGC Gold,https://www.revolutionise.com.au/hockeyballarat/games/team/26298/417797,417797,,,FALSE,Mitchell Ryan,Ben Sturmfels,away,EGC,EGC Gold,EGC EGC Gold,https://www.revolutionise.com.au/hockeyballarat/games/team/26298/417797,417797,Luke E.,44,FALSE,FALSE,TRUE,FALSE,FALSE,vg7lEiZ,,,,,https://www.revolutionise.com.au/hockeyballarat/game/2564742,2026-06-21 10:38:02,https://www.revolutionise.com.au/hockeyballarat/game/2564742|417797|vg7lEiZ,26298,14932,18277,https://www.revolutionise.com.au/hockeyballarat/venues/26298/18277,2564742
Hockey Ballarat,Hockey Ballarat 2026 Winter Competition,Division 2 Men,Round 7,2026-06-21,10:30,Prince of Wales Park,Full Pitch,EGC,EGC Blue,EGC EGC Blue,https://www.revolutionise.com.au/hockeyballarat/games/team/26298/417798,417798,EGC,EGC Gold,EGC EGC Gold,https://www.revolutionise.com.au/hockeyballarat/games/team/26298/417797,417797,,,FALSE,Mitchell Ryan,Ben Sturmfels,away,EGC,EGC Gold,EGC EGC Gold,https://www.revolutionise.com.au/hockeyballarat/games/team/26298/417797,417797,Matthew R.,41,FALSE,FALSE,TRUE,FALSE,FALSE,93Bj4FX,,,,,https://www.revolutionise.com.au/hockeyballarat/game/2564742,2026-06-21 10:38:02,https://www.revolutionise.com.au/hockeyballarat/game/2564742|417797|93Bj4FX,26298,14932,18277,https://www.revolutionise.com.au/hockeyballarat/venues/26298/18277,2564742
Hockey Ballarat,Hockey Ballarat 2026 Winter Competition,Division 2 Men,Round 7,2026-06-21,10:30,Prince of Wales Park,Full Pitch,EGC,EGC Blue,EGC EGC Blue,https://www.revolutionise.com.au/hockeyballarat/games/team/26298/417798,417798,EGC,EGC Gold,EGC EGC Gold,https://www.revolutionise.com.au/hockeyballarat/games/team/26298/417797,417797,,,FALSE,Mitchell Ryan,Ben Sturmfels,away,EGC,EGC Gold,EGC EGC Gold,https://www.revolutionise.com.au/hockeyballarat/games/team/26298/417797,417797,Patrick B.,67,FALSE,FALSE,FALSE,FALSE,FALSE,GbywOfB,,,,,https://www.revolutionise.com.au/hockeyballarat/game/2564742,2026-06-21 10:38:02,https://www.revolutionise.com.au/hockeyballarat/game/2564742|417797|GbywOfB,26298,14932,18277,https://www.revolutionise.com.au/hockeyballarat/venues/26298/18277,2564742
Hockey Ballarat,Hockey Ballarat 2026 Winter Competition,Division 2 Men,Round 7,2026-06-21,10:30,Prince of Wales Park,Full Pitch,EGC,EGC Blue,EGC EGC Blue,https://www.revolutionise.com.au/hockeyballarat/games/team/26298/417798,417798,EGC,EGC Gold,EGC EGC Gold,https://www.revolutionise.com.au/hockeyballarat/games/team/26298/417797,417797,,,FALSE,Mitchell Ryan,Ben Sturmfels,away,EGC,EGC Gold,EGC EGC Gold,https://www.revolutionise.com.au/hockeyballarat/games/team/26298/417797,417797,Peter R.,25,FALSE,FALSE,TRUE,FALSE,FALSE,gWQP7Tm,,,,,https://www.revolutionise.com.au/hockeyballarat/game/2564742,2026-06-21 10:38:02,https://www.revolutionise.com.au/hockeyballarat/game/2564742|417797|gWQP7Tm,26298,14932,18277,https://www.revolutionise.com.au/hockeyballarat/venues/26298/18277,2564742
Hockey Ballarat,Hockey Ballarat 2026 Winter Competition,Division 2 Men,Round 7,2026-06-21,10:30,Prince of Wales Park,Full Pitch,EGC,EGC Blue,EGC EGC Blue,https://www.revolutionise.com.au/hockeyballarat/games/team/26298/417798,417798,EGC,EGC Gold,EGC EGC Gold,https://www.revolutionise.com.au/hockeyballarat/games/team/26298/417797,417797,,,FALSE,Mitchell Ryan,Ben Sturmfels,away,EGC,EGC Gold,EGC EGC Gold,https://www.revolutionise.com.au/hockeyballarat/games/team/26298/417797,417797,Riley K.,82,FALSE,FALSE,TRUE,FALSE,FALSE,9KnaZiX,,,,,https://www.revolutionise.com.au/hockeyballarat/game/2564742,2026-06-21 10:38:02,https://www.revolutionise.com.au/hockeyballarat/game/2564742|417797|9KnaZiX,26298,14932,18277,https://www.revolutionise.com.au/hockeyballarat/venues/26298/18277,2564742
Hockey Ballarat,Hockey Ballarat 2026 Winter Competition,Division 2 Men,Round 7,2026-06-21,10:30,Prince of Wales Park,Full Pitch,EGC,EGC Blue,EGC EGC Blue,https://www.revolutionise.com.au/hockeyballarat/games/team/26298/417798,417798,EGC,EGC Gold,EGC EGC Gold,https://www.revolutionise.com.au/hockeyballarat/games/team/26298/417797,417797,,,FALSE,Mitchell Ryan,Ben Sturmfels,away,EGC,EGC Gold,EGC EGC Gold,https://www.revolutionise.com.au/hockeyballarat/games/team/26298/417797,417797,Scott M.,40,FALSE,FALSE,TRUE,FALSE,FALSE,Xe6qxh8,,,,,https://www.revolutionise.com.au/hockeyballarat/game/2564742,2026-06-21 10:38:02,https://www.revolutionise.com.au/hockeyballarat/game/2564742|417797|Xe6qxh8,26298,14932,18277,https://www.revolutionise.com.au/hockeyballarat/venues/26298/18277,2564742
Hockey Ballarat,Hockey Ballarat 2026 Winter Competition,Division 2 Men,Round 7,2026-06-21,10:30,Prince of Wales Park,Full Pitch,EGC,EGC Blue,EGC EGC Blue,https://www.revolutionise.com.au/hockeyballarat/games/team/26298/417798,417798,EGC,EGC Gold,EGC EGC Gold,https://www.revolutionise.com.au/hockeyballarat/games/team/26298/417797,417797,,,FALSE,Mitchell Ryan,Ben Sturmfels,away,EGC,EGC Gold,EGC EGC Gold,https://www.revolutionise.com.au/hockeyballarat/games/team/26298/417797,417797,Thomas P.,37,FALSE,FALSE,TRUE,FALSE,FALSE,Rl89WSe,,,,,https://www.revolutionise.com.au/hockeyballarat/game/2564742,2026-06-21 10:38:02,https://www.revolutionise.com.au/hockeyballarat/game/2564742|417797|Rl89WSe,26298,14932,18277,https://www.revolutionise.com.au/hockeyballarat/venues/26298/18277,2564742
Hockey Ballarat,Hockey Ballarat 2026 Winter Competition,Division 2 Men,Round 7,2026-06-21,10:30,Prince of Wales Park,Full Pitch,EGC,EGC Blue,EGC EGC Blue,https://www.revolutionise.com.au/hockeyballarat/games/team/26298/417798,417798,EGC,EGC Gold,EGC EGC Gold,https://www.revolutionise.com.au/hockeyballarat/games/team/26298/417797,417797,,,FALSE,Mitchell Ryan,Ben Sturmfels,away,EGC,EGC Gold,EGC EGC Gold,https://www.revolutionise.com.au/hockeyballarat/games/team/26298/417797,417797,Tom M.,,FALSE,FALSE,TRUE,FALSE,FALSE,eOzAjT3,,,,,https://www.revolutionise.com.au/hockeyballarat/game/2564742,2026-06-21 10:38:02,https://www.revolutionise.com.au/hockeyballarat/game/2564742|417797|eOzAjT3,26298,14932,18277,https://www.revolutionise.com.au/hockeyballarat/venues/26298/18277,2564742
Hockey Ballarat,Hockey Ballarat 2026 Winter Competition,Division 2 Men,Round 7,2026-06-21,10:30,Prince of Wales Park,Full Pitch,EGC,EGC Blue,EGC EGC Blue,https://www.revolutionise.com.au/hockeyballarat/games/team/26298/417798,417798,EGC,EGC Gold,EGC EGC Gold,https://www.revolutionise.com.au/hockeyballarat/games/team/26298/417797,417797,,,FALSE,Mitchell Ryan,Ben Sturmfels,away,EGC,EGC Gold,EGC EGC Gold,https://www.revolutionise.com.au/hockeyballarat/games/team/26298/417797,417797,Harry P.,,FALSE,FALSE,TRUE,TRUE,FALSE,0VgZZi3,,,,,https://www.revolutionise.com.au/hockeyballarat/game/2564742,2026-06-21 10:38:02,https://www.revolutionise.com.au/hockeyballarat/game/2564742|417797|0VgZZi3,26298,14932,18277,https://www.revolutionise.com.au/hockeyballarat/venues/26298/18277,2564742
Hockey Ballarat,Hockey Ballarat 2026 Winter Competition,Division 2 Men,Round 7,2026-06-21,10:30,Prince of Wales Park,Full Pitch,EGC,EGC Blue,EGC EGC Blue,https://www.revolutionise.com.au/hockeyballarat/games/team/26298/417798,417798,EGC,EGC Gold,EGC EGC Gold,https://www.revolutionise.com.au/hockeyballarat/games/team/26298/417797,417797,,,FALSE,Mitchell Ryan,Ben Sturmfels,away,EGC,EGC Gold,EGC EGC Gold,https://www.revolutionise.com.au/hockeyballarat/games/team/26298/417797,417797,James H.,,FALSE,FALSE,TRUE,TRUE,FALSE,ZYG7ail,,,,,https://www.revolutionise.com.au/hockeyballarat/game/2564742,2026-06-21 10:38:02,https://www.revolutionise.com.au/hockeyballarat/game/2564742|417797|ZYG7ail,26298,14932,18277,https://www.revolutionise.com.au/hockeyballarat/venues/26298/18277,2564742
Hockey Ballarat,Hockey Ballarat 2026 Winter Competition,Division 2 Men,Round 7,2026-06-21,10:30,Prince of Wales Park,Full Pitch,EGC,EGC Blue,EGC EGC Blue,https://www.revolutionise.com.au/hockeyballarat/games/team/26298/417798,417798,EGC,EGC Gold,EGC EGC Gold,https://www.revolutionise.com.au/hockeyballarat/games/team/26298/417797,417797,,,FALSE,Mitchell Ryan,Ben Sturmfels,away,EGC,EGC Gold,EGC EGC Gold,https://www.revolutionise.com.au/hockeyballarat/games/team/26298/417797,417797,Kade K.,,FALSE,FALSE,TRUE,TRUE,FALSE,qYMWYhZ,,,,,https://www.revolutionise.com.au/hockeyballarat/game/2564742,2026-06-21 10:38:02,https://www.revolutionise.com.au/hockeyballarat/game/2564742|417797|qYMWYhZ,26298,14932,18277,https://www.revolutionise.com.au/hockeyballarat/venues/26298/18277,2564742
Hockey Ballarat,Hockey Ballarat 2026 Winter Competition,Division 2 Men,Round 7,2026-06-21,13:45,Prince of Wales Park,Full Pitch,Grampians Hockey Club,Grampians Hockey Club,Grampians Hockey Club,https://www.revolutionise.com.au/hockeyballarat/games/team/26298/417790,417790,Lucas HC,Div 2 Men,Lucas HC Div 2 Men,https://www.revolutionise.com.au/hockeyballarat/games/team/26298/417805,417805,5,6,FALSE,Craig Stevens,Gus Bennett,home,Grampians Hockey Club,Grampians Hockey Club,Grampians Hockey Club,https://www.revolutionise.com.au/hockeyballarat/games/team/26298/417790,417790,Aaron M.,47,FALSE,FALSE,TRUE,FALSE,FALSE,qzrbDcZ,,,,,https://www.revolutionise.com.au/hockeyballarat/game/2564743,2026-06-21 10:38:08,https://www.revolutionise.com.au/hockeyballarat/game/2564743|417790|qzrbDcZ,26298,14932,18277,https://www.revolutionise.com.au/hockeyballarat/venues/26298/18277,2564743
Hockey Ballarat,Hockey Ballarat 2026 Winter Competition,Division 2 Men,Round 7,2026-06-21,13:45,Prince of Wales Park,Full Pitch,Grampians Hockey Club,Grampians Hockey Club,Grampians Hockey Club,https://www.revolutionise.com.au/hockeyballarat/games/team/26298/417790,417790,Lucas HC,Div 2 Men,Lucas HC Div 2 Men,https://www.revolutionise.com.au/hockeyballarat/games/team/26298/417805,417805,5,6,FALSE,Craig Stevens,Gus Bennett,home,Grampians Hockey Club,Grampians Hockey Club,Grampians Hockey Club,https://www.revolutionise.com.au/hockeyballarat/games/team/26298/417790,417790,Bonnie A.,10,FALSE,FALSE,TRUE,FALSE,FALSE,7DM2qi8,,,,,https://www.revolutionise.com.au/hockeyballarat/game/2564743,2026-06-21 10:38:08,https://www.revolutionise.com.au/hockeyballarat/game/2564743|417790|7DM2qi8,26298,14932,18277,https://www.revolutionise.com.au/hockeyballarat/venues/26298/18277,2564743
Hockey Ballarat,Hockey Ballarat 2026 Winter Competition,Division 2 Men,Round 7,2026-06-21,13:45,Prince of Wales Park,Full Pitch,Grampians Hockey Club,Grampians Hockey Club,Grampians Hockey Club,https://www.revolutionise.com.au/hockeyballarat/games/team/26298/417790,417790,Lucas HC,Div 2 Men,Lucas HC Div 2 Men,https://www.revolutionise.com.au/hockeyballarat/games/team/26298/417805,417805,5,6,FALSE,Craig Stevens,Gus Bennett,home,Grampians Hockey Club,Grampians Hockey Club,Grampians Hockey Club,https://www.revolutionise.com.au/hockeyballarat/games/team/26298/417790,417790,Chris P.,11,FALSE,FALSE,TRUE,FALSE,FALSE,zaaPLhB,,,,,https://www.revolutionise.com.au/hockeyballarat/game/2564743,2026-06-21 10:38:08,https://www.revolutionise.com.au/hockeyballarat/game/2564743|417790|zaaPLhB,26298,14932,18277,https://www.revolutionise.com.au/hockeyballarat/venues/26298/18277,2564743
Hockey Ballarat,Hockey Ballarat 2026 Winter Competition,Division 2 Men,Round 7,2026-06-21,13:45,Prince of Wales Park,Full Pitch,Grampians Hockey Club,Grampians Hockey Club,Grampians Hockey Club,https://www.revolutionise.com.au/hockeyballarat/games/team/26298/417790,417790,Lucas HC,Div 2 Men,Lucas HC Div 2 Men,https://www.revolutionise.com.au/hockeyballarat/games/team/26298/417805,417805,5,6,FALSE,Craig Stevens,Gus Bennett,home,Grampians Hockey Club,Grampians Hockey Club,Grampians Hockey Club,https://www.revolutionise.com.au/hockeyballarat/games/team/26298/417790,417790,Fraser C.,6,FALSE,FALSE,TRUE,FALSE,FALSE,OBzjqt9,3,,,,https://www.revolutionise.com.au/hockeyballarat/game/2564743,2026-06-21 10:38:08,https://www.revolutionise.com.au/hockeyballarat/game/2564743|417790|OBzjqt9,26298,14932,18277,https://www.revolutionise.com.au/hockeyballarat/venues/26298/18277,2564743
Hockey Ballarat,Hockey Ballarat 2026 Winter Competition,Division 2 Men,Round 7,2026-06-21,13:45,Prince of Wales Park,Full Pitch,Grampians Hockey Club,Grampians Hockey Club,Grampians Hockey Club,https://www.revolutionise.com.au/hockeyballarat/games/team/26298/417790,417790,Lucas HC,Div 2 Men,Lucas HC Div 2 Men,https://www.revolutionise.com.au/hockeyballarat/games/team/26298/417805,417805,5,6,FALSE,Craig Stevens,Gus Bennett,home,Grampians Hockey Club,Grampians Hockey Club,Grampians Hockey Club,https://www.revolutionise.com.au/hockeyballarat/games/team/26298/417790,417790,Garry B.,81,FALSE,FALSE,TRUE,FALSE,FALSE,DDvveuk,,,,,https://www.revolutionise.com.au/hockeyballarat/game/2564743,2026-06-21 10:38:08,https://www.revolutionise.com.au/hockeyballarat/game/2564743|417790|DDvveuk,26298,14932,18277,https://www.revolutionise.com.au/hockeyballarat/venues/26298/18277,2564743
Hockey Ballarat,Hockey Ballarat 2026 Winter Competition,Division 2 Men,Round 7,2026-06-21,13:45,Prince of Wales Park,Full Pitch,Grampians Hockey Club,Grampians Hockey Club,Grampians Hockey Club,https://www.revolutionise.com.au/hockeyballarat/games/team/26298/417790,417790,Lucas HC,Div 2 Men,Lucas HC Div 2 Men,https://www.revolutionise.com.au/hockeyballarat/games/team/26298/417805,417805,5,6,FALSE,Craig Stevens,Gus Bennett,home,Grampians Hockey Club,Grampians Hockey Club,Grampians Hockey Club,https://www.revolutionise.com.au/hockeyballarat/games/team/26298/417790,417790,Glen C.,32,FALSE,FALSE,TRUE,FALSE,FALSE,3DkXkTw,,,,,https://www.revolutionise.com.au/hockeyballarat/game/2564743,2026-06-21 10:38:08,https://www.revolutionise.com.au/hockeyballarat/game/2564743|417790|3DkXkTw,26298,14932,18277,https://www.revolutionise.com.au/hockeyballarat/venues/26298/18277,2564743
Hockey Ballarat,Hockey Ballarat 2026 Winter Competition,Division 2 Men,Round 7,2026-06-21,13:45,Prince of Wales Park,Full Pitch,Grampians Hockey Club,Grampians Hockey Club,Grampians Hockey Club,https://www.revolutionise.com.au/hockeyballarat/games/team/26298/417790,417790,Lucas HC,Div 2 Men,Lucas HC Div 2 Men,https://www.revolutionise.com.au/hockeyballarat/games/team/26298/417805,417805,5,6,FALSE,Craig Stevens,Gus Bennett,home,Grampians Hockey Club,Grampians Hockey Club,Grampians Hockey Club,https://www.revolutionise.com.au/hockeyballarat/games/team/26298/417790,417790,Hugh C.,,FALSE,FALSE,TRUE,FALSE,FALSE,Dj9PWuk,2,,,,https://www.revolutionise.com.au/hockeyballarat/game/2564743,2026-06-21 10:38:08,https://www.revolutionise.com.au/hockeyballarat/game/2564743|417790|Dj9PWuk,26298,14932,18277,https://www.revolutionise.com.au/hockeyballarat/venues/26298/18277,2564743
Hockey Ballarat,Hockey Ballarat 2026 Winter Competition,Division 2 Men,Round 7,2026-06-21,13:45,Prince of Wales Park,Full Pitch,Grampians Hockey Club,Grampians Hockey Club,Grampians Hockey Club,https://www.revolutionise.com.au/hockeyballarat/games/team/26298/417790,417790,Lucas HC,Div 2 Men,Lucas HC Div 2 Men,https://www.revolutionise.com.au/hockeyballarat/games/team/26298/417805,417805,5,6,FALSE,Craig Stevens,Gus Bennett,home,Grampians Hockey Club,Grampians Hockey Club,Grampians Hockey Club,https://www.revolutionise.com.au/hockeyballarat/games/team/26298/417790,417790,Jason H.,,FALSE,FALSE,FALSE,FALSE,FALSE,zgZyxTB,,,,,https://www.revolutionise.com.au/hockeyballarat/game/2564743,2026-06-21 10:38:08,https://www.revolutionise.com.au/hockeyballarat/game/2564743|417790|zgZyxTB,26298,14932,18277,https://www.revolutionise.com.au/hockeyballarat/venues/26298/18277,2564743
Hockey Ballarat,Hockey Ballarat 2026 Winter Competition,Division 2 Men,Round 7,2026-06-21,13:45,Prince of Wales Park,Full Pitch,Grampians Hockey Club,Grampians Hockey Club,Grampians Hockey Club,https://www.revolutionise.com.au/hockeyballarat/games/team/26298/417790,417790,Lucas HC,Div 2 Men,Lucas HC Div 2 Men,https://www.revolutionise.com.au/hockeyballarat/games/team/26298/417805,417805,5,6,FALSE,Craig Stevens,Gus Bennett,home,Grampians Hockey Club,Grampians Hockey Club,Grampians Hockey Club,https://www.revolutionise.com.au/hockeyballarat/games/team/26298/417790,417790,Jordan C.,15,FALSE,FALSE,FALSE,FALSE,FALSE,L3ELeFn,,,,,https://www.revolutionise.com.au/hockeyballarat/game/2564743,2026-06-21 10:38:08,https://www.revolutionise.com.au/hockeyballarat/game/2564743|417790|L3ELeFn,26298,14932,18277,https://www.revolutionise.com.au/hockeyballarat/venues/26298/18277,2564743
Hockey Ballarat,Hockey Ballarat 2026 Winter Competition,Division 2 Men,Round 7,2026-06-21,13:45,Prince of Wales Park,Full Pitch,Grampians Hockey Club,Grampians Hockey Club,Grampians Hockey Club,https://www.revolutionise.com.au/hockeyballarat/games/team/26298/417790,417790,Lucas HC,Div 2 Men,Lucas HC Div 2 Men,https://www.revolutionise.com.au/hockeyballarat/games/team/26298/417805,417805,5,6,FALSE,Craig Stevens,Gus Bennett,home,Grampians Hockey Club,Grampians Hockey Club,Grampians Hockey Club,https://www.revolutionise.com.au/hockeyballarat/games/team/26298/417790,417790,Lachlan S.,14,FALSE,FALSE,TRUE,FALSE,FALSE,zwYaxhB,,,,,https://www.revolutionise.com.au/hockeyballarat/game/2564743,2026-06-21 10:38:08,https://www.revolutionise.com.au/hockeyballarat/game/2564743|417790|zwYaxhB,26298,14932,18277,https://www.revolutionise.com.au/hockeyballarat/venues/26298/18277,2564743
Hockey Ballarat,Hockey Ballarat 2026 Winter Competition,Division 2 Men,Round 7,2026-06-21,13:45,Prince of Wales Park,Full Pitch,Grampians Hockey Club,Grampians Hockey Club,Grampians Hockey Club,https://www.revolutionise.com.au/hockeyballarat/games/team/26298/417790,417790,Lucas HC,Div 2 Men,Lucas HC Div 2 Men,https://www.revolutionise.com.au/hockeyballarat/games/team/26298/417805,417805,5,6,FALSE,Craig Stevens,Gus Bennett,home,Grampians Hockey Club,Grampians Hockey Club,Grampians Hockey Club,https://www.revolutionise.com.au/hockeyballarat/games/team/26298/417790,417790,Liam C.,5,FALSE,FALSE,TRUE,FALSE,FALSE,ykVvnf1,,,,,https://www.revolutionise.com.au/hockeyballarat/game/2564743,2026-06-21 10:38:08,https://www.revolutionise.com.au/hockeyballarat/game/2564743|417790|ykVvnf1,26298,14932,18277,https://www.revolutionise.com.au/hockeyballarat/venues/26298/18277,2564743
Hockey Ballarat,Hockey Ballarat 2026 Winter Competition,Division 2 Men,Round 7,2026-06-21,13:45,Prince of Wales Park,Full Pitch,Grampians Hockey Club,Grampians Hockey Club,Grampians Hockey Club,https://www.revolutionise.com.au/hockeyballarat/games/team/26298/417790,417790,Lucas HC,Div 2 Men,Lucas HC Div 2 Men,https://www.revolutionise.com.au/hockeyballarat/games/team/26298/417805,417805,5,6,FALSE,Craig Stevens,Gus Bennett,home,Grampians Hockey Club,Grampians Hockey Club,Grampians Hockey Club,https://www.revolutionise.com.au/hockeyballarat/games/team/26298/417790,417790,Luke R.,,FALSE,TRUE,TRUE,FALSE,FALSE,zwaqECB,,,,,https://www.revolutionise.com.au/hockeyballarat/game/2564743,2026-06-21 10:38:08,https://www.revolutionise.com.au/hockeyballarat/game/2564743|417790|zwaqECB,26298,14932,18277,https://www.revolutionise.com.au/hockeyballarat/venues/26298/18277,2564743
Hockey Ballarat,Hockey Ballarat 2026 Winter Competition,Division 2 Men,Round 7,2026-06-21,13:45,Prince of Wales Park,Full Pitch,Grampians Hockey Club,Grampians Hockey Club,Grampians Hockey Club,https://www.revolutionise.com.au/hockeyballarat/games/team/26298/417790,417790,Lucas HC,Div 2 Men,Lucas HC Div 2 Men,https://www.revolutionise.com.au/hockeyballarat/games/team/26298/417805,417805,5,6,FALSE,Craig Stevens,Gus Bennett,home,Grampians Hockey Club,Grampians Hockey Club,Grampians Hockey Club,https://www.revolutionise.com.au/hockeyballarat/games/team/26298/417790,417790,Noah A.,34,FALSE,FALSE,FALSE,FALSE,FALSE,kZRVgcR,,,,,https://www.revolutionise.com.au/hockeyballarat/game/2564743,2026-06-21 10:38:08,https://www.revolutionise.com.au/hockeyballarat/game/2564743|417790|kZRVgcR,26298,14932,18277,https://www.revolutionise.com.au/hockeyballarat/venues/26298/18277,2564743
Hockey Ballarat,Hockey Ballarat 2026 Winter Competition,Division 2 Men,Round 7,2026-06-21,13:45,Prince of Wales Park,Full Pitch,Grampians Hockey Club,Grampians Hockey Club,Grampians Hockey Club,https://www.revolutionise.com.au/hockeyballarat/games/team/26298/417790,417790,Lucas HC,Div 2 Men,Lucas HC Div 2 Men,https://www.revolutionise.com.au/hockeyballarat/games/team/26298/417805,417805,5,6,FALSE,Craig Stevens,Gus Bennett,home,Grampians Hockey Club,Grampians Hockey Club,Grampians Hockey Club,https://www.revolutionise.com.au/hockeyballarat/games/team/26298/417790,417790,Thomas B.,2,FALSE,FALSE,TRUE,FALSE,FALSE,Vwe6gFw,,,,,https://www.revolutionise.com.au/hockeyballarat/game/2564743,2026-06-21 10:38:08,https://www.revolutionise.com.au/hockeyballarat/game/2564743|417790|Vwe6gFw,26298,14932,18277,https://www.revolutionise.com.au/hockeyballarat/venues/26298/18277,2564743
Hockey Ballarat,Hockey Ballarat 2026 Winter Competition,Division 2 Men,Round 7,2026-06-21,13:45,Prince of Wales Park,Full Pitch,Grampians Hockey Club,Grampians Hockey Club,Grampians Hockey Club,https://www.revolutionise.com.au/hockeyballarat/games/team/26298/417790,417790,Lucas HC,Div 2 Men,Lucas HC Div 2 Men,https://www.revolutionise.com.au/hockeyballarat/games/team/26298/417805,417805,5,6,FALSE,Craig Stevens,Gus Bennett,home,Grampians Hockey Club,Grampians Hockey Club,Grampians Hockey Club,https://www.revolutionise.com.au/hockeyballarat/games/team/26298/417790,417790,Traiyth L.,27,FALSE,FALSE,TRUE,FALSE,FALSE,K73Erhm,,,,,https://www.revolutionise.com.au/hockeyballarat/game/2564743,2026-06-21 10:38:08,https://www.revolutionise.com.au/hockeyballarat/game/2564743|417790|K73Erhm,26298,14932,18277,https://www.revolutionise.com.au/hockeyballarat/venues/26298/18277,2564743
Hockey Ballarat,Hockey Ballarat 2026 Winter Competition,Division 2 Men,Round 7,2026-06-21,13:45,Prince of Wales Park,Full Pitch,Grampians Hockey Club,Grampians Hockey Club,Grampians Hockey Club,https://www.revolutionise.com.au/hockeyballarat/games/team/26298/417790,417790,Lucas HC,Div 2 Men,Lucas HC Div 2 Men,https://www.revolutionise.com.au/hockeyballarat/games/team/26298/417805,417805,5,6,FALSE,Craig Stevens,Gus Bennett,away,Lucas HC,Div 2 Men,Lucas HC Div 2 Men,https://www.revolutionise.com.au/hockeyballarat/games/team/26298/417805,417805,Andy M.,102,FALSE,FALSE,TRUE,FALSE,FALSE,Oy9NXT9,1,,,,https://www.revolutionise.com.au/hockeyballarat/game/2564743,2026-06-21 10:38:08,https://www.revolutionise.com.au/hockeyballarat/game/2564743|417805|Oy9NXT9,26298,14932,18277,https://www.revolutionise.com.au/hockeyballarat/venues/26298/18277,2564743
Hockey Ballarat,Hockey Ballarat 2026 Winter Competition,Division 2 Men,Round 7,2026-06-21,13:45,Prince of Wales Park,Full Pitch,Grampians Hockey Club,Grampians Hockey Club,Grampians Hockey Club,https://www.revolutionise.com.au/hockeyballarat/games/team/26298/417790,417790,Lucas HC,Div 2 Men,Lucas HC Div 2 Men,https://www.revolutionise.com.au/hockeyballarat/games/team/26298/417805,417805,5,6,FALSE,Craig Stevens,Gus Bennett,away,Lucas HC,Div 2 Men,Lucas HC Div 2 Men,https://www.revolutionise.com.au/hockeyballarat/games/team/26298/417805,417805,Caleb H.,12,FALSE,FALSE,TRUE,FALSE,FALSE,vmY0XhZ,,,,,https://www.revolutionise.com.au/hockeyballarat/game/2564743,2026-06-21 10:38:08,https://www.revolutionise.com.au/hockeyballarat/game/2564743|417805|vmY0XhZ,26298,14932,18277,https://www.revolutionise.com.au/hockeyballarat/venues/26298/18277,2564743
Hockey Ballarat,Hockey Ballarat 2026 Winter Competition,Division 2 Men,Round 7,2026-06-21,13:45,Prince of Wales Park,Full Pitch,Grampians Hockey Club,Grampians Hockey Club,Grampians Hockey Club,https://www.revolutionise.com.au/hockeyballarat/games/team/26298/417790,417790,Lucas HC,Div 2 Men,Lucas HC Div 2 Men,https://www.revolutionise.com.au/hockeyballarat/games/team/26298/417805,417805,5,6,FALSE,Craig Stevens,Gus Bennett,away,Lucas HC,Div 2 Men,Lucas HC Div 2 Men,https://www.revolutionise.com.au/hockeyballarat/games/team/26298/417805,417805,Chris B.,105,FALSE,FALSE,TRUE,FALSE,FALSE,nGjbZi8,1,,,,https://www.revolutionise.com.au/hockeyballarat/game/2564743,2026-06-21 10:38:08,https://www.revolutionise.com.au/hockeyballarat/game/2564743|417805|nGjbZi8,26298,14932,18277,https://www.revolutionise.com.au/hockeyballarat/venues/26298/18277,2564743
Hockey Ballarat,Hockey Ballarat 2026 Winter Competition,Division 2 Men,Round 7,2026-06-21,13:45,Prince of Wales Park,Full Pitch,Grampians Hockey Club,Grampians Hockey Club,Grampians Hockey Club,https://www.revolutionise.com.au/hockeyballarat/games/team/26298/417790,417790,Lucas HC,Div 2 Men,Lucas HC Div 2 Men,https://www.revolutionise.com.au/hockeyballarat/games/team/26298/417805,417805,5,6,FALSE,Craig Stevens,Gus Bennett,away,Lucas HC,Div 2 Men,Lucas HC Div 2 Men,https://www.revolutionise.com.au/hockeyballarat/games/team/26298/417805,417805,Damon S.,35,FALSE,FALSE,TRUE,FALSE,FALSE,qOnPMiZ,,,,,https://www.revolutionise.com.au/hockeyballarat/game/2564743,2026-06-21 10:38:08,https://www.revolutionise.com.au/hockeyballarat/game/2564743|417805|qOnPMiZ,26298,14932,18277,https://www.revolutionise.com.au/hockeyballarat/venues/26298/18277,2564743
Hockey Ballarat,Hockey Ballarat 2026 Winter Competition,Division 2 Men,Round 7,2026-06-21,13:45,Prince of Wales Park,Full Pitch,Grampians Hockey Club,Grampians Hockey Club,Grampians Hockey Club,https://www.revolutionise.com.au/hockeyballarat/games/team/26298/417790,417790,Lucas HC,Div 2 Men,Lucas HC Div 2 Men,https://www.revolutionise.com.au/hockeyballarat/games/team/26298/417805,417805,5,6,FALSE,Craig Stevens,Gus Bennett,away,Lucas HC,Div 2 Men,Lucas HC Div 2 Men,https://www.revolutionise.com.au/hockeyballarat/games/team/26298/417805,417805,Gabe P.,19,FALSE,FALSE,FALSE,FALSE,FALSE,D1PmqCk,,,,,https://www.revolutionise.com.au/hockeyballarat/game/2564743,2026-06-21 10:38:08,https://www.revolutionise.com.au/hockeyballarat/game/2564743|417805|D1PmqCk,26298,14932,18277,https://www.revolutionise.com.au/hockeyballarat/venues/26298/18277,2564743
Hockey Ballarat,Hockey Ballarat 2026 Winter Competition,Division 2 Men,Round 7,2026-06-21,13:45,Prince of Wales Park,Full Pitch,Grampians Hockey Club,Grampians Hockey Club,Grampians Hockey Club,https://www.revolutionise.com.au/hockeyballarat/games/team/26298/417790,417790,Lucas HC,Div 2 Men,Lucas HC Div 2 Men,https://www.revolutionise.com.au/hockeyballarat/games/team/26298/417805,417805,5,6,FALSE,Craig Stevens,Gus Bennett,away,Lucas HC,Div 2 Men,Lucas HC Div 2 Men,https://www.revolutionise.com.au/hockeyballarat/games/team/26298/417805,417805,Glyn K.,13,FALSE,FALSE,FALSE,FALSE,FALSE,3EmbzSw,,,,,https://www.revolutionise.com.au/hockeyballarat/game/2564743,2026-06-21 10:38:08,https://www.revolutionise.com.au/hockeyballarat/game/2564743|417805|3EmbzSw,26298,14932,18277,https://www.revolutionise.com.au/hockeyballarat/venues/26298/18277,2564743
Hockey Ballarat,Hockey Ballarat 2026 Winter Competition,Division 2 Men,Round 7,2026-06-21,13:45,Prince of Wales Park,Full Pitch,Grampians Hockey Club,Grampians Hockey Club,Grampians Hockey Club,https://www.revolutionise.com.au/hockeyballarat/games/team/26298/417790,417790,Lucas HC,Div 2 Men,Lucas HC Div 2 Men,https://www.revolutionise.com.au/hockeyballarat/games/team/26298/417805,417805,5,6,FALSE,Craig Stevens,Gus Bennett,away,Lucas HC,Div 2 Men,Lucas HC Div 2 Men,https://www.revolutionise.com.au/hockeyballarat/games/team/26298/417805,417805,Harley S.,25,FALSE,FALSE,TRUE,FALSE,FALSE,b1D4DI3,,,,,https://www.revolutionise.com.au/hockeyballarat/game/2564743,2026-06-21 10:38:08,https://www.revolutionise.com.au/hockeyballarat/game/2564743|417805|b1D4DI3,26298,14932,18277,https://www.revolutionise.com.au/hockeyballarat/venues/26298/18277,2564743
Hockey Ballarat,Hockey Ballarat 2026 Winter Competition,Division 2 Men,Round 7,2026-06-21,13:45,Prince of Wales Park,Full Pitch,Grampians Hockey Club,Grampians Hockey Club,Grampians Hockey Club,https://www.revolutionise.com.au/hockeyballarat/games/team/26298/417790,417790,Lucas HC,Div 2 Men,Lucas HC Div 2 Men,https://www.revolutionise.com.au/hockeyballarat/games/team/26298/417805,417805,5,6,FALSE,Craig Stevens,Gus Bennett,away,Lucas HC,Div 2 Men,Lucas HC Div 2 Men,https://www.revolutionise.com.au/hockeyballarat/games/team/26298/417805,417805,Hayden S.,26,FALSE,FALSE,FALSE,FALSE,FALSE,M1gz2ua,,,,,https://www.revolutionise.com.au/hockeyballarat/game/2564743,2026-06-21 10:38:08,https://www.revolutionise.com.au/hockeyballarat/game/2564743|417805|M1gz2ua,26298,14932,18277,https://www.revolutionise.com.au/hockeyballarat/venues/26298/18277,2564743
Hockey Ballarat,Hockey Ballarat 2026 Winter Competition,Division 2 Men,Round 7,2026-06-21,13:45,Prince of Wales Park,Full Pitch,Grampians Hockey Club,Grampians Hockey Club,Grampians Hockey Club,https://www.revolutionise.com.au/hockeyballarat/games/team/26298/417790,417790,Lucas HC,Div 2 Men,Lucas HC Div 2 Men,https://www.revolutionise.com.au/hockeyballarat/games/team/26298/417805,417805,5,6,FALSE,Craig Stevens,Gus Bennett,away,Lucas HC,Div 2 Men,Lucas HC Div 2 Men,https://www.revolutionise.com.au/hockeyballarat/games/team/26298/417805,417805,Henry B.,17,FALSE,FALSE,TRUE,FALSE,FALSE,9nYJacX,,,,,https://www.revolutionise.com.au/hockeyballarat/game/2564743,2026-06-21 10:38:08,https://www.revolutionise.com.au/hockeyballarat/game/2564743|417805|9nYJacX,26298,14932,18277,https://www.revolutionise.com.au/hockeyballarat/venues/26298/18277,2564743
Hockey Ballarat,Hockey Ballarat 2026 Winter Competition,Division 2 Men,Round 7,2026-06-21,13:45,Prince of Wales Park,Full Pitch,Grampians Hockey Club,Grampians Hockey Club,Grampians Hockey Club,https://www.revolutionise.com.au/hockeyballarat/games/team/26298/417790,417790,Lucas HC,Div 2 Men,Lucas HC Div 2 Men,https://www.revolutionise.com.au/hockeyballarat/games/team/26298/417805,417805,5,6,FALSE,Craig Stevens,Gus Bennett,away,Lucas HC,Div 2 Men,Lucas HC Div 2 Men,https://www.revolutionise.com.au/hockeyballarat/games/team/26298/417805,417805,Isabelle H.,100,FALSE,FALSE,FALSE,FALSE,FALSE,yEMAkf1,,,,,https://www.revolutionise.com.au/hockeyballarat/game/2564743,2026-06-21 10:38:08,https://www.revolutionise.com.au/hockeyballarat/game/2564743|417805|yEMAkf1,26298,14932,18277,https://www.revolutionise.com.au/hockeyballarat/venues/26298/18277,2564743
Hockey Ballarat,Hockey Ballarat 2026 Winter Competition,Division 2 Men,Round 7,2026-06-21,13:45,Prince of Wales Park,Full Pitch,Grampians Hockey Club,Grampians Hockey Club,Grampians Hockey Club,https://www.revolutionise.com.au/hockeyballarat/games/team/26298/417790,417790,Lucas HC,Div 2 Men,Lucas HC Div 2 Men,https://www.revolutionise.com.au/hockeyballarat/games/team/26298/417805,417805,5,6,FALSE,Craig Stevens,Gus Bennett,away,Lucas HC,Div 2 Men,Lucas HC Div 2 Men,https://www.revolutionise.com.au/hockeyballarat/games/team/26298/417805,417805,Jason H.,16,FALSE,FALSE,TRUE,FALSE,FALSE,j9AXluN,2,,,,https://www.revolutionise.com.au/hockeyballarat/game/2564743,2026-06-21 10:38:08,https://www.revolutionise.com.au/hockeyballarat/game/2564743|417805|j9AXluN,26298,14932,18277,https://www.revolutionise.com.au/hockeyballarat/venues/26298/18277,2564743
Hockey Ballarat,Hockey Ballarat 2026 Winter Competition,Division 2 Men,Round 7,2026-06-21,13:45,Prince of Wales Park,Full Pitch,Grampians Hockey Club,Grampians Hockey Club,Grampians Hockey Club,https://www.revolutionise.com.au/hockeyballarat/games/team/26298/417790,417790,Lucas HC,Div 2 Men,Lucas HC Div 2 Men,https://www.revolutionise.com.au/hockeyballarat/games/team/26298/417805,417805,5,6,FALSE,Craig Stevens,Gus Bennett,away,Lucas HC,Div 2 Men,Lucas HC Div 2 Men,https://www.revolutionise.com.au/hockeyballarat/games/team/26298/417805,417805,Joanne S.,70,FALSE,FALSE,FALSE,FALSE,FALSE,qlkQMtZ,,,,,https://www.revolutionise.com.au/hockeyballarat/game/2564743,2026-06-21 10:38:08,https://www.revolutionise.com.au/hockeyballarat/game/2564743|417805|qlkQMtZ,26298,14932,18277,https://www.revolutionise.com.au/hockeyballarat/venues/26298/18277,2564743
Hockey Ballarat,Hockey Ballarat 2026 Winter Competition,Division 2 Men,Round 7,2026-06-21,13:45,Prince of Wales Park,Full Pitch,Grampians Hockey Club,Grampians Hockey Club,Grampians Hockey Club,https://www.revolutionise.com.au/hockeyballarat/games/team/26298/417790,417790,Lucas HC,Div 2 Men,Lucas HC Div 2 Men,https://www.revolutionise.com.au/hockeyballarat/games/team/26298/417805,417805,5,6,FALSE,Craig Stevens,Gus Bennett,away,Lucas HC,Div 2 Men,Lucas HC Div 2 Men,https://www.revolutionise.com.au/hockeyballarat/games/team/26298/417805,417805,Jordan S.,27,FALSE,FALSE,TRUE,FALSE,FALSE,YGD44Sm,,,,,https://www.revolutionise.com.au/hockeyballarat/game/2564743,2026-06-21 10:38:08,https://www.revolutionise.com.au/hockeyballarat/game/2564743|417805|YGD44Sm,26298,14932,18277,https://www.revolutionise.com.au/hockeyballarat/venues/26298/18277,2564743
Hockey Ballarat,Hockey Ballarat 2026 Winter Competition,Division 2 Men,Round 7,2026-06-21,13:45,Prince of Wales Park,Full Pitch,Grampians Hockey Club,Grampians Hockey Club,Grampians Hockey Club,https://www.revolutionise.com.au/hockeyballarat/games/team/26298/417790,417790,Lucas HC,Div 2 Men,Lucas HC Div 2 Men,https://www.revolutionise.com.au/hockeyballarat/games/team/26298/417805,417805,5,6,FALSE,Craig Stevens,Gus Bennett,away,Lucas HC,Div 2 Men,Lucas HC Div 2 Men,https://www.revolutionise.com.au/hockeyballarat/games/team/26298/417805,417805,Lachlan N.,38,FALSE,FALSE,FALSE,FALSE,FALSE,jbO7ViN,,,,,https://www.revolutionise.com.au/hockeyballarat/game/2564743,2026-06-21 10:38:08,https://www.revolutionise.com.au/hockeyballarat/game/2564743|417805|jbO7ViN,26298,14932,18277,https://www.revolutionise.com.au/hockeyballarat/venues/26298/18277,2564743
Hockey Ballarat,Hockey Ballarat 2026 Winter Competition,Division 2 Men,Round 7,2026-06-21,13:45,Prince of Wales Park,Full Pitch,Grampians Hockey Club,Grampians Hockey Club,Grampians Hockey Club,https://www.revolutionise.com.au/hockeyballarat/games/team/26298/417790,417790,Lucas HC,Div 2 Men,Lucas HC Div 2 Men,https://www.revolutionise.com.au/hockeyballarat/games/team/26298/417805,417805,5,6,FALSE,Craig Stevens,Gus Bennett,away,Lucas HC,Div 2 Men,Lucas HC Div 2 Men,https://www.revolutionise.com.au/hockeyballarat/games/team/26298/417805,417805,Lucas J.,103,FALSE,FALSE,TRUE,FALSE,FALSE,eQ0vZF3,,,,,https://www.revolutionise.com.au/hockeyballarat/game/2564743,2026-06-21 10:38:08,https://www.revolutionise.com.au/hockeyballarat/game/2564743|417805|eQ0vZF3,26298,14932,18277,https://www.revolutionise.com.au/hockeyballarat/venues/26298/18277,2564743
Hockey Ballarat,Hockey Ballarat 2026 Winter Competition,Division 2 Men,Round 7,2026-06-21,13:45,Prince of Wales Park,Full Pitch,Grampians Hockey Club,Grampians Hockey Club,Grampians Hockey Club,https://www.revolutionise.com.au/hockeyballarat/games/team/26298/417790,417790,Lucas HC,Div 2 Men,Lucas HC Div 2 Men,https://www.revolutionise.com.au/hockeyballarat/games/team/26298/417805,417805,5,6,FALSE,Craig Stevens,Gus Bennett,away,Lucas HC,Div 2 Men,Lucas HC Div 2 Men,https://www.revolutionise.com.au/hockeyballarat/games/team/26298/417805,417805,Luke P.,21,FALSE,FALSE,FALSE,FALSE,FALSE,zX68LfB,,,,,https://www.revolutionise.com.au/hockeyballarat/game/2564743,2026-06-21 10:38:08,https://www.revolutionise.com.au/hockeyballarat/game/2564743|417805|zX68LfB,26298,14932,18277,https://www.revolutionise.com.au/hockeyballarat/venues/26298/18277,2564743
Hockey Ballarat,Hockey Ballarat 2026 Winter Competition,Division 2 Men,Round 7,2026-06-21,13:45,Prince of Wales Park,Full Pitch,Grampians Hockey Club,Grampians Hockey Club,Grampians Hockey Club,https://www.revolutionise.com.au/hockeyballarat/games/team/26298/417790,417790,Lucas HC,Div 2 Men,Lucas HC Div 2 Men,https://www.revolutionise.com.au/hockeyballarat/games/team/26298/417805,417805,5,6,FALSE,Craig Stevens,Gus Bennett,away,Lucas HC,Div 2 Men,Lucas HC Div 2 Men,https://www.revolutionise.com.au/hockeyballarat/games/team/26298/417805,417805,Mack H.,8,FALSE,FALSE,FALSE,FALSE,FALSE,O8ZBOf9,,,,,https://www.revolutionise.com.au/hockeyballarat/game/2564743,2026-06-21 10:38:08,https://www.revolutionise.com.au/hockeyballarat/game/2564743|417805|O8ZBOf9,26298,14932,18277,https://www.revolutionise.com.au/hockeyballarat/venues/26298/18277,2564743
Hockey Ballarat,Hockey Ballarat 2026 Winter Competition,Division 2 Men,Round 7,2026-06-21,13:45,Prince of Wales Park,Full Pitch,Grampians Hockey Club,Grampians Hockey Club,Grampians Hockey Club,https://www.revolutionise.com.au/hockeyballarat/games/team/26298/417790,417790,Lucas HC,Div 2 Men,Lucas HC Div 2 Men,https://www.revolutionise.com.au/hockeyballarat/games/team/26298/417805,417805,5,6,FALSE,Craig Stevens,Gus Bennett,away,Lucas HC,Div 2 Men,Lucas HC Div 2 Men,https://www.revolutionise.com.au/hockeyballarat/games/team/26298/417805,417805,Michael V.,104,FALSE,FALSE,FALSE,FALSE,FALSE,ERmnyUN,,,,,https://www.revolutionise.com.au/hockeyballarat/game/2564743,2026-06-21 10:38:08,https://www.revolutionise.com.au/hockeyballarat/game/2564743|417805|ERmnyUN,26298,14932,18277,https://www.revolutionise.com.au/hockeyballarat/venues/26298/18277,2564743
Hockey Ballarat,Hockey Ballarat 2026 Winter Competition,Division 2 Men,Round 7,2026-06-21,13:45,Prince of Wales Park,Full Pitch,Grampians Hockey Club,Grampians Hockey Club,Grampians Hockey Club,https://www.revolutionise.com.au/hockeyballarat/games/team/26298/417790,417790,Lucas HC,Div 2 Men,Lucas HC Div 2 Men,https://www.revolutionise.com.au/hockeyballarat/games/team/26298/417805,417805,5,6,FALSE,Craig Stevens,Gus Bennett,away,Lucas HC,Div 2 Men,Lucas HC Div 2 Men,https://www.revolutionise.com.au/hockeyballarat/games/team/26298/417805,417805,Nathan H.,9,FALSE,FALSE,FALSE,FALSE,FALSE,12a9nu2,,,,,https://www.revolutionise.com.au/hockeyballarat/game/2564743,2026-06-21 10:38:08,https://www.revolutionise.com.au/hockeyballarat/game/2564743|417805|12a9nu2,26298,14932,18277,https://www.revolutionise.com.au/hockeyballarat/venues/26298/18277,2564743
Hockey Ballarat,Hockey Ballarat 2026 Winter Competition,Division 2 Men,Round 7,2026-06-21,13:45,Prince of Wales Park,Full Pitch,Grampians Hockey Club,Grampians Hockey Club,Grampians Hockey Club,https://www.revolutionise.com.au/hockeyballarat/games/team/26298/417790,417790,Lucas HC,Div 2 Men,Lucas HC Div 2 Men,https://www.revolutionise.com.au/hockeyballarat/games/team/26298/417805,417805,5,6,FALSE,Craig Stevens,Gus Bennett,away,Lucas HC,Div 2 Men,Lucas HC Div 2 Men,https://www.revolutionise.com.au/hockeyballarat/games/team/26298/417805,417805,Nicholas H.,10,FALSE,FALSE,TRUE,FALSE,FALSE,1wOWai2,,,,,https://www.revolutionise.com.au/hockeyballarat/game/2564743,2026-06-21 10:38:08,https://www.revolutionise.com.au/hockeyballarat/game/2564743|417805|1wOWai2,26298,14932,18277,https://www.revolutionise.com.au/hockeyballarat/venues/26298/18277,2564743
Hockey Ballarat,Hockey Ballarat 2026 Winter Competition,Division 2 Men,Round 7,2026-06-21,13:45,Prince of Wales Park,Full Pitch,Grampians Hockey Club,Grampians Hockey Club,Grampians Hockey Club,https://www.revolutionise.com.au/hockeyballarat/games/team/26298/417790,417790,Lucas HC,Div 2 Men,Lucas HC Div 2 Men,https://www.revolutionise.com.au/hockeyballarat/games/team/26298/417805,417805,5,6,FALSE,Craig Stevens,Gus Bennett,away,Lucas HC,Div 2 Men,Lucas HC Div 2 Men,https://www.revolutionise.com.au/hockeyballarat/games/team/26298/417805,417805,Olivia H.,11,FALSE,FALSE,FALSE,FALSE,FALSE,8kgBLhD,,,,,https://www.revolutionise.com.au/hockeyballarat/game/2564743,2026-06-21 10:38:08,https://www.revolutionise.com.au/hockeyballarat/game/2564743|417805|8kgBLhD,26298,14932,18277,https://www.revolutionise.com.au/hockeyballarat/venues/26298/18277,2564743
Hockey Ballarat,Hockey Ballarat 2026 Winter Competition,Division 2 Men,Round 7,2026-06-21,13:45,Prince of Wales Park,Full Pitch,Grampians Hockey Club,Grampians Hockey Club,Grampians Hockey Club,https://www.revolutionise.com.au/hockeyballarat/games/team/26298/417790,417790,Lucas HC,Div 2 Men,Lucas HC Div 2 Men,https://www.revolutionise.com.au/hockeyballarat/games/team/26298/417805,417805,5,6,FALSE,Craig Stevens,Gus Bennett,away,Lucas HC,Div 2 Men,Lucas HC Div 2 Men,https://www.revolutionise.com.au/hockeyballarat/games/team/26298/417805,417805,Reuben P.,,FALSE,FALSE,TRUE,FALSE,FALSE,lByqZux,,,,,https://www.revolutionise.com.au/hockeyballarat/game/2564743,2026-06-21 10:38:08,https://www.revolutionise.com.au/hockeyballarat/game/2564743|417805|lByqZux,26298,14932,18277,https://www.revolutionise.com.au/hockeyballarat/venues/26298/18277,2564743
Hockey Ballarat,Hockey Ballarat 2026 Winter Competition,Division 2 Men,Round 7,2026-06-21,13:45,Prince of Wales Park,Full Pitch,Grampians Hockey Club,Grampians Hockey Club,Grampians Hockey Club,https://www.revolutionise.com.au/hockeyballarat/games/team/26298/417790,417790,Lucas HC,Div 2 Men,Lucas HC Div 2 Men,https://www.revolutionise.com.au/hockeyballarat/games/team/26298/417805,417805,5,6,FALSE,Craig Stevens,Gus Bennett,away,Lucas HC,Div 2 Men,Lucas HC Div 2 Men,https://www.revolutionise.com.au/hockeyballarat/games/team/26298/417805,417805,Ryan G.,28,FALSE,FALSE,TRUE,FALSE,FALSE,gxa4Ghm,1,,,,https://www.revolutionise.com.au/hockeyballarat/game/2564743,2026-06-21 10:38:08,https://www.revolutionise.com.au/hockeyballarat/game/2564743|417805|gxa4Ghm,26298,14932,18277,https://www.revolutionise.com.au/hockeyballarat/venues/26298/18277,2564743
Hockey Ballarat,Hockey Ballarat 2026 Winter Competition,Division 2 Men,Round 7,2026-06-21,13:45,Prince of Wales Park,Full Pitch,Grampians Hockey Club,Grampians Hockey Club,Grampians Hockey Club,https://www.revolutionise.com.au/hockeyballarat/games/team/26298/417790,417790,Lucas HC,Div 2 Men,Lucas HC Div 2 Men,https://www.revolutionise.com.au/hockeyballarat/games/team/26298/417805,417805,5,6,FALSE,Craig Stevens,Gus Bennett,away,Lucas HC,Div 2 Men,Lucas HC Div 2 Men,https://www.revolutionise.com.au/hockeyballarat/games/team/26298/417805,417805,Lachlan H.,,FALSE,FALSE,TRUE,TRUE,FALSE,7yQ12T8,1,,,,https://www.revolutionise.com.au/hockeyballarat/game/2564743,2026-06-21 10:38:08,https://www.revolutionise.com.au/hockeyballarat/game/2564743|417805|7yQ12T8,26298,14932,18277,https://www.revolutionise.com.au/hockeyballarat/venues/26298/18277,2564743
Hockey Ballarat,Hockey Ballarat 2026 Winter Competition,Division 2 Men,Round 7,2026-06-21,15:30,Prince of Wales Park,Full Pitch,Bobcats,Div 2 Men,Bobcats Div 2 Men,https://www.revolutionise.com.au/hockeyballarat/games/team/26298/417792,417792,Blaze,Blaze Div 2 Men,Blaze Blaze Div 2 Men,https://www.revolutionise.com.au/hockeyballarat/games/team/26298/417806,417806,1,2,FALSE,Hayden Bourne,Gus Bennett,home,Bobcats,Div 2 Men,Bobcats Div 2 Men,https://www.revolutionise.com.au/hockeyballarat/games/team/26298/417792,417792,David T.,54,FALSE,FALSE,TRUE,FALSE,FALSE,RLwP7ce,,,,,https://www.revolutionise.com.au/hockeyballarat/game/2564744,2026-06-21 10:38:12,https://www.revolutionise.com.au/hockeyballarat/game/2564744|417792|RLwP7ce,26298,14932,18277,https://www.revolutionise.com.au/hockeyballarat/venues/26298/18277,2564744
Hockey Ballarat,Hockey Ballarat 2026 Winter Competition,Division 2 Men,Round 7,2026-06-21,15:30,Prince of Wales Park,Full Pitch,Bobcats,Div 2 Men,Bobcats Div 2 Men,https://www.revolutionise.com.au/hockeyballarat/games/team/26298/417792,417792,Blaze,Blaze Div 2 Men,Blaze Blaze Div 2 Men,https://www.revolutionise.com.au/hockeyballarat/games/team/26298/417806,417806,1,2,FALSE,Hayden Bourne,Gus Bennett,home,Bobcats,Div 2 Men,Bobcats Div 2 Men,https://www.revolutionise.com.au/hockeyballarat/games/team/26298/417792,417792,Digby S.,107,FALSE,FALSE,TRUE,FALSE,FALSE,g7g37Hm,,,,,https://www.revolutionise.com.au/hockeyballarat/game/2564744,2026-06-21 10:38:12,https://www.revolutionise.com.au/hockeyballarat/game/2564744|417792|g7g37Hm,26298,14932,18277,https://www.revolutionise.com.au/hockeyballarat/venues/26298/18277,2564744
Hockey Ballarat,Hockey Ballarat 2026 Winter Competition,Division 2 Men,Round 7,2026-06-21,15:30,Prince of Wales Park,Full Pitch,Bobcats,Div 2 Men,Bobcats Div 2 Men,https://www.revolutionise.com.au/hockeyballarat/games/team/26298/417792,417792,Blaze,Blaze Div 2 Men,Blaze Blaze Div 2 Men,https://www.revolutionise.com.au/hockeyballarat/games/team/26298/417806,417806,1,2,FALSE,Hayden Bourne,Gus Bennett,home,Bobcats,Div 2 Men,Bobcats Div 2 Men,https://www.revolutionise.com.au/hockeyballarat/games/team/26298/417792,417792,Eshaan U.,111,FALSE,FALSE,TRUE,FALSE,FALSE,aX6r7T1,1,,,,https://www.revolutionise.com.au/hockeyballarat/game/2564744,2026-06-21 10:38:12,https://www.revolutionise.com.au/hockeyballarat/game/2564744|417792|aX6r7T1,26298,14932,18277,https://www.revolutionise.com.au/hockeyballarat/venues/26298/18277,2564744
Hockey Ballarat,Hockey Ballarat 2026 Winter Competition,Division 2 Men,Round 7,2026-06-21,15:30,Prince of Wales Park,Full Pitch,Bobcats,Div 2 Men,Bobcats Div 2 Men,https://www.revolutionise.com.au/hockeyballarat/games/team/26298/417792,417792,Blaze,Blaze Div 2 Men,Blaze Blaze Div 2 Men,https://www.revolutionise.com.au/hockeyballarat/games/team/26298/417806,417806,1,2,FALSE,Hayden Bourne,Gus Bennett,home,Bobcats,Div 2 Men,Bobcats Div 2 Men,https://www.revolutionise.com.au/hockeyballarat/games/team/26298/417792,417792,Gareth A.,11,FALSE,FALSE,FALSE,FALSE,FALSE,n7Xw8C8,,,,,https://www.revolutionise.com.au/hockeyballarat/game/2564744,2026-06-21 10:38:12,https://www.revolutionise.com.au/hockeyballarat/game/2564744|417792|n7Xw8C8,26298,14932,18277,https://www.revolutionise.com.au/hockeyballarat/venues/26298/18277,2564744
Hockey Ballarat,Hockey Ballarat 2026 Winter Competition,Division 2 Men,Round 7,2026-06-21,15:30,Prince of Wales Park,Full Pitch,Bobcats,Div 2 Men,Bobcats Div 2 Men,https://www.revolutionise.com.au/hockeyballarat/games/team/26298/417792,417792,Blaze,Blaze Div 2 Men,Blaze Blaze Div 2 Men,https://www.revolutionise.com.au/hockeyballarat/games/team/26298/417806,417806,1,2,FALSE,Hayden Bourne,Gus Bennett,home,Bobcats,Div 2 Men,Bobcats Div 2 Men,https://www.revolutionise.com.au/hockeyballarat/games/team/26298/417792,417792,Hunter K.,109,FALSE,FALSE,FALSE,FALSE,FALSE,G8a7wcB,,,,,https://www.revolutionise.com.au/hockeyballarat/game/2564744,2026-06-21 10:38:12,https://www.revolutionise.com.au/hockeyballarat/game/2564744|417792|G8a7wcB,26298,14932,18277,https://www.revolutionise.com.au/hockeyballarat/venues/26298/18277,2564744
Hockey Ballarat,Hockey Ballarat 2026 Winter Competition,Division 2 Men,Round 7,2026-06-21,15:30,Prince of Wales Park,Full Pitch,Bobcats,Div 2 Men,Bobcats Div 2 Men,https://www.revolutionise.com.au/hockeyballarat/games/team/26298/417792,417792,Blaze,Blaze Div 2 Men,Blaze Blaze Div 2 Men,https://www.revolutionise.com.au/hockeyballarat/games/team/26298/417806,417806,1,2,FALSE,Hayden Bourne,Gus Bennett,home,Bobcats,Div 2 Men,Bobcats Div 2 Men,https://www.revolutionise.com.au/hockeyballarat/games/team/26298/417792,417792,James T.,10,FALSE,TRUE,TRUE,FALSE,FALSE,EP3vQHN,,,,,https://www.revolutionise.com.au/hockeyballarat/game/2564744,2026-06-21 10:38:12,https://www.revolutionise.com.au/hockeyballarat/game/2564744|417792|EP3vQHN,26298,14932,18277,https://www.revolutionise.com.au/hockeyballarat/venues/26298/18277,2564744
Hockey Ballarat,Hockey Ballarat 2026 Winter Competition,Division 2 Men,Round 7,2026-06-21,15:30,Prince of Wales Park,Full Pitch,Bobcats,Div 2 Men,Bobcats Div 2 Men,https://www.revolutionise.com.au/hockeyballarat/games/team/26298/417792,417792,Blaze,Blaze Div 2 Men,Blaze Blaze Div 2 Men,https://www.revolutionise.com.au/hockeyballarat/games/team/26298/417806,417806,1,2,FALSE,Hayden Bourne,Gus Bennett,home,Bobcats,Div 2 Men,Bobcats Div 2 Men,https://www.revolutionise.com.au/hockeyballarat/games/team/26298/417792,417792,Jarrod K.,113,FALSE,FALSE,FALSE,FALSE,FALSE,vy8GAfZ,,,,,https://www.revolutionise.com.au/hockeyballarat/game/2564744,2026-06-21 10:38:12,https://www.revolutionise.com.au/hockeyballarat/game/2564744|417792|vy8GAfZ,26298,14932,18277,https://www.revolutionise.com.au/hockeyballarat/venues/26298/18277,2564744
Hockey Ballarat,Hockey Ballarat 2026 Winter Competition,Division 2 Men,Round 7,2026-06-21,15:30,Prince of Wales Park,Full Pitch,Bobcats,Div 2 Men,Bobcats Div 2 Men,https://www.revolutionise.com.au/hockeyballarat/games/team/26298/417792,417792,Blaze,Blaze Div 2 Men,Blaze Blaze Div 2 Men,https://www.revolutionise.com.au/hockeyballarat/games/team/26298/417806,417806,1,2,FALSE,Hayden Bourne,Gus Bennett,home,Bobcats,Div 2 Men,Bobcats Div 2 Men,https://www.revolutionise.com.au/hockeyballarat/games/team/26298/417792,417792,Joshua L.,116,FALSE,FALSE,FALSE,FALSE,FALSE,K1NMqhm,,,,,https://www.revolutionise.com.au/hockeyballarat/game/2564744,2026-06-21 10:38:12,https://www.revolutionise.com.au/hockeyballarat/game/2564744|417792|K1NMqhm,26298,14932,18277,https://www.revolutionise.com.au/hockeyballarat/venues/26298/18277,2564744
Hockey Ballarat,Hockey Ballarat 2026 Winter Competition,Division 2 Men,Round 7,2026-06-21,15:30,Prince of Wales Park,Full Pitch,Bobcats,Div 2 Men,Bobcats Div 2 Men,https://www.revolutionise.com.au/hockeyballarat/games/team/26298/417792,417792,Blaze,Blaze Div 2 Men,Blaze Blaze Div 2 Men,https://www.revolutionise.com.au/hockeyballarat/games/team/26298/417806,417806,1,2,FALSE,Hayden Bourne,Gus Bennett,home,Bobcats,Div 2 Men,Bobcats Div 2 Men,https://www.revolutionise.com.au/hockeyballarat/games/team/26298/417792,417792,Lauchlan W.,16,TRUE,FALSE,TRUE,FALSE,FALSE,nWGEYf8,,,,,https://www.revolutionise.com.au/hockeyballarat/game/2564744,2026-06-21 10:38:12,https://www.revolutionise.com.au/hockeyballarat/game/2564744|417792|nWGEYf8,26298,14932,18277,https://www.revolutionise.com.au/hockeyballarat/venues/26298/18277,2564744
Hockey Ballarat,Hockey Ballarat 2026 Winter Competition,Division 2 Men,Round 7,2026-06-21,15:30,Prince of Wales Park,Full Pitch,Bobcats,Div 2 Men,Bobcats Div 2 Men,https://www.revolutionise.com.au/hockeyballarat/games/team/26298/417792,417792,Blaze,Blaze Div 2 Men,Blaze Blaze Div 2 Men,https://www.revolutionise.com.au/hockeyballarat/games/team/26298/417806,417806,1,2,FALSE,Hayden Bourne,Gus Bennett,home,Bobcats,Div 2 Men,Bobcats Div 2 Men,https://www.revolutionise.com.au/hockeyballarat/games/team/26298/417792,417792,Max F.,112,FALSE,FALSE,TRUE,FALSE,FALSE,6zrygh4,,,,,https://www.revolutionise.com.au/hockeyballarat/game/2564744,2026-06-21 10:38:12,https://www.revolutionise.com.au/hockeyballarat/game/2564744|417792|6zrygh4,26298,14932,18277,https://www.revolutionise.com.au/hockeyballarat/venues/26298/18277,2564744
Hockey Ballarat,Hockey Ballarat 2026 Winter Competition,Division 2 Men,Round 7,2026-06-21,15:30,Prince of Wales Park,Full Pitch,Bobcats,Div 2 Men,Bobcats Div 2 Men,https://www.revolutionise.com.au/hockeyballarat/games/team/26298/417792,417792,Blaze,Blaze Div 2 Men,Blaze Blaze Div 2 Men,https://www.revolutionise.com.au/hockeyballarat/games/team/26298/417806,417806,1,2,FALSE,Hayden Bourne,Gus Bennett,home,Bobcats,Div 2 Men,Bobcats Div 2 Men,https://www.revolutionise.com.au/hockeyballarat/games/team/26298/417792,417792,Max W.,115,FALSE,FALSE,FALSE,FALSE,FALSE,Wg1BrTO,,,,,https://www.revolutionise.com.au/hockeyballarat/game/2564744,2026-06-21 10:38:12,https://www.revolutionise.com.au/hockeyballarat/game/2564744|417792|Wg1BrTO,26298,14932,18277,https://www.revolutionise.com.au/hockeyballarat/venues/26298/18277,2564744
Hockey Ballarat,Hockey Ballarat 2026 Winter Competition,Division 2 Men,Round 7,2026-06-21,15:30,Prince of Wales Park,Full Pitch,Bobcats,Div 2 Men,Bobcats Div 2 Men,https://www.revolutionise.com.au/hockeyballarat/games/team/26298/417792,417792,Blaze,Blaze Div 2 Men,Blaze Blaze Div 2 Men,https://www.revolutionise.com.au/hockeyballarat/games/team/26298/417806,417806,1,2,FALSE,Hayden Bourne,Gus Bennett,home,Bobcats,Div 2 Men,Bobcats Div 2 Men,https://www.revolutionise.com.au/hockeyballarat/games/team/26298/417792,417792,Richard G.,82,FALSE,FALSE,TRUE,FALSE,FALSE,2x8ZGU2,,,,,https://www.revolutionise.com.au/hockeyballarat/game/2564744,2026-06-21 10:38:12,https://www.revolutionise.com.au/hockeyballarat/game/2564744|417792|2x8ZGU2,26298,14932,18277,https://www.revolutionise.com.au/hockeyballarat/venues/26298/18277,2564744
Hockey Ballarat,Hockey Ballarat 2026 Winter Competition,Division 2 Men,Round 7,2026-06-21,15:30,Prince of Wales Park,Full Pitch,Bobcats,Div 2 Men,Bobcats Div 2 Men,https://www.revolutionise.com.au/hockeyballarat/games/team/26298/417792,417792,Blaze,Blaze Div 2 Men,Blaze Blaze Div 2 Men,https://www.revolutionise.com.au/hockeyballarat/games/team/26298/417806,417806,1,2,FALSE,Hayden Bourne,Gus Bennett,home,Bobcats,Div 2 Men,Bobcats Div 2 Men,https://www.revolutionise.com.au/hockeyballarat/games/team/26298/417792,417792,Tom F.,114,FALSE,FALSE,FALSE,FALSE,FALSE,DOj0ztk,,,,,https://www.revolutionise.com.au/hockeyballarat/game/2564744,2026-06-21 10:38:12,https://www.revolutionise.com.au/hockeyballarat/game/2564744|417792|DOj0ztk,26298,14932,18277,https://www.revolutionise.com.au/hockeyballarat/venues/26298/18277,2564744
Hockey Ballarat,Hockey Ballarat 2026 Winter Competition,Division 2 Men,Round 7,2026-06-21,15:30,Prince of Wales Park,Full Pitch,Bobcats,Div 2 Men,Bobcats Div 2 Men,https://www.revolutionise.com.au/hockeyballarat/games/team/26298/417792,417792,Blaze,Blaze Div 2 Men,Blaze Blaze Div 2 Men,https://www.revolutionise.com.au/hockeyballarat/games/team/26298/417806,417806,1,2,FALSE,Hayden Bourne,Gus Bennett,home,Bobcats,Div 2 Men,Bobcats Div 2 Men,https://www.revolutionise.com.au/hockeyballarat/games/team/26298/417792,417792,Troy S.,21,FALSE,FALSE,TRUE,FALSE,FALSE,W6ePqIO,,,,,https://www.revolutionise.com.au/hockeyballarat/game/2564744,2026-06-21 10:38:12,https://www.revolutionise.com.au/hockeyballarat/game/2564744|417792|W6ePqIO,26298,14932,18277,https://www.revolutionise.com.au/hockeyballarat/venues/26298/18277,2564744
Hockey Ballarat,Hockey Ballarat 2026 Winter Competition,Division 2 Men,Round 7,2026-06-21,15:30,Prince of Wales Park,Full Pitch,Bobcats,Div 2 Men,Bobcats Div 2 Men,https://www.revolutionise.com.au/hockeyballarat/games/team/26298/417792,417792,Blaze,Blaze Div 2 Men,Blaze Blaze Div 2 Men,https://www.revolutionise.com.au/hockeyballarat/games/team/26298/417806,417806,1,2,FALSE,Hayden Bourne,Gus Bennett,home,Bobcats,Div 2 Men,Bobcats Div 2 Men,https://www.revolutionise.com.au/hockeyballarat/games/team/26298/417792,417792,Eathan D.,,FALSE,FALSE,TRUE,TRUE,FALSE,qw9gDiZ,,,,,https://www.revolutionise.com.au/hockeyballarat/game/2564744,2026-06-21 10:38:12,https://www.revolutionise.com.au/hockeyballarat/game/2564744|417792|qw9gDiZ,26298,14932,18277,https://www.revolutionise.com.au/hockeyballarat/venues/26298/18277,2564744
Hockey Ballarat,Hockey Ballarat 2026 Winter Competition,Division 2 Men,Round 7,2026-06-21,15:30,Prince of Wales Park,Full Pitch,Bobcats,Div 2 Men,Bobcats Div 2 Men,https://www.revolutionise.com.au/hockeyballarat/games/team/26298/417792,417792,Blaze,Blaze Div 2 Men,Blaze Blaze Div 2 Men,https://www.revolutionise.com.au/hockeyballarat/games/team/26298/417806,417806,1,2,FALSE,Hayden Bourne,Gus Bennett,home,Bobcats,Div 2 Men,Bobcats Div 2 Men,https://www.revolutionise.com.au/hockeyballarat/games/team/26298/417792,417792,Mitchell R.,,FALSE,FALSE,TRUE,TRUE,FALSE,g7nReHm,,,,,https://www.revolutionise.com.au/hockeyballarat/game/2564744,2026-06-21 10:38:12,https://www.revolutionise.com.au/hockeyballarat/game/2564744|417792|g7nReHm,26298,14932,18277,https://www.revolutionise.com.au/hockeyballarat/venues/26298/18277,2564744
Hockey Ballarat,Hockey Ballarat 2026 Winter Competition,Division 2 Men,Round 7,2026-06-21,15:30,Prince of Wales Park,Full Pitch,Bobcats,Div 2 Men,Bobcats Div 2 Men,https://www.revolutionise.com.au/hockeyballarat/games/team/26298/417792,417792,Blaze,Blaze Div 2 Men,Blaze Blaze Div 2 Men,https://www.revolutionise.com.au/hockeyballarat/games/team/26298/417806,417806,1,2,FALSE,Hayden Bourne,Gus Bennett,home,Bobcats,Div 2 Men,Bobcats Div 2 Men,https://www.revolutionise.com.au/hockeyballarat/games/team/26298/417792,417792,Sam C.,,FALSE,FALSE,TRUE,TRUE,FALSE,A3l6QSq,,,,,https://www.revolutionise.com.au/hockeyballarat/game/2564744,2026-06-21 10:38:12,https://www.revolutionise.com.au/hockeyballarat/game/2564744|417792|A3l6QSq,26298,14932,18277,https://www.revolutionise.com.au/hockeyballarat/venues/26298/18277,2564744
Hockey Ballarat,Hockey Ballarat 2026 Winter Competition,Division 2 Men,Round 7,2026-06-21,15:30,Prince of Wales Park,Full Pitch,Bobcats,Div 2 Men,Bobcats Div 2 Men,https://www.revolutionise.com.au/hockeyballarat/games/team/26298/417792,417792,Blaze,Blaze Div 2 Men,Blaze Blaze Div 2 Men,https://www.revolutionise.com.au/hockeyballarat/games/team/26298/417806,417806,1,2,FALSE,Hayden Bourne,Gus Bennett,home,Bobcats,Div 2 Men,Bobcats Div 2 Men,https://www.revolutionise.com.au/hockeyballarat/games/team/26298/417792,417792,Stephen B.,,FALSE,FALSE,TRUE,TRUE,FALSE,03yNJu3,,,,,https://www.revolutionise.com.au/hockeyballarat/game/2564744,2026-06-21 10:38:12,https://www.revolutionise.com.au/hockeyballarat/game/2564744|417792|03yNJu3,26298,14932,18277,https://www.revolutionise.com.au/hockeyballarat/venues/26298/18277,2564744
Hockey Ballarat,Hockey Ballarat 2026 Winter Competition,Division 2 Men,Round 7,2026-06-21,15:30,Prince of Wales Park,Full Pitch,Bobcats,Div 2 Men,Bobcats Div 2 Men,https://www.revolutionise.com.au/hockeyballarat/games/team/26298/417792,417792,Blaze,Blaze Div 2 Men,Blaze Blaze Div 2 Men,https://www.revolutionise.com.au/hockeyballarat/games/team/26298/417806,417806,1,2,FALSE,Hayden Bourne,Gus Bennett,away,Blaze,Blaze Div 2 Men,Blaze Blaze Div 2 Men,https://www.revolutionise.com.au/hockeyballarat/games/team/26298/417806,417806,Adam H.,11,FALSE,FALSE,TRUE,FALSE,FALSE,K7PDqsm,,,,,https://www.revolutionise.com.au/hockeyballarat/game/2564744,2026-06-21 10:38:12,https://www.revolutionise.com.au/hockeyballarat/game/2564744|417806|K7PDqsm,26298,14932,18277,https://www.revolutionise.com.au/hockeyballarat/venues/26298/18277,2564744
Hockey Ballarat,Hockey Ballarat 2026 Winter Competition,Division 2 Men,Round 7,2026-06-21,15:30,Prince of Wales Park,Full Pitch,Bobcats,Div 2 Men,Bobcats Div 2 Men,https://www.revolutionise.com.au/hockeyballarat/games/team/26298/417792,417792,Blaze,Blaze Div 2 Men,Blaze Blaze Div 2 Men,https://www.revolutionise.com.au/hockeyballarat/games/team/26298/417806,417806,1,2,FALSE,Hayden Bourne,Gus Bennett,away,Blaze,Blaze Div 2 Men,Blaze Blaze Div 2 Men,https://www.revolutionise.com.au/hockeyballarat/games/team/26298/417806,417806,Alicia C.,21,FALSE,FALSE,TRUE,FALSE,FALSE,1vrYzh2,,,,,https://www.revolutionise.com.au/hockeyballarat/game/2564744,2026-06-21 10:38:12,https://www.revolutionise.com.au/hockeyballarat/game/2564744|417806|1vrYzh2,26298,14932,18277,https://www.revolutionise.com.au/hockeyballarat/venues/26298/18277,2564744
Hockey Ballarat,Hockey Ballarat 2026 Winter Competition,Division 2 Men,Round 7,2026-06-21,15:30,Prince of Wales Park,Full Pitch,Bobcats,Div 2 Men,Bobcats Div 2 Men,https://www.revolutionise.com.au/hockeyballarat/games/team/26298/417792,417792,Blaze,Blaze Div 2 Men,Blaze Blaze Div 2 Men,https://www.revolutionise.com.au/hockeyballarat/games/team/26298/417806,417806,1,2,FALSE,Hayden Bourne,Gus Bennett,away,Blaze,Blaze Div 2 Men,Blaze Blaze Div 2 Men,https://www.revolutionise.com.au/hockeyballarat/games/team/26298/417806,417806,Bailey P.,13,FALSE,FALSE,FALSE,FALSE,FALSE,WQrBbUO,,,,,https://www.revolutionise.com.au/hockeyballarat/game/2564744,2026-06-21 10:38:12,https://www.revolutionise.com.au/hockeyballarat/game/2564744|417806|WQrBbUO,26298,14932,18277,https://www.revolutionise.com.au/hockeyballarat/venues/26298/18277,2564744
Hockey Ballarat,Hockey Ballarat 2026 Winter Competition,Division 2 Men,Round 7,2026-06-21,15:30,Prince of Wales Park,Full Pitch,Bobcats,Div 2 Men,Bobcats Div 2 Men,https://www.revolutionise.com.au/hockeyballarat/games/team/26298/417792,417792,Blaze,Blaze Div 2 Men,Blaze Blaze Div 2 Men,https://www.revolutionise.com.au/hockeyballarat/games/team/26298/417806,417806,1,2,FALSE,Hayden Bourne,Gus Bennett,away,Blaze,Blaze Div 2 Men,Blaze Blaze Div 2 Men,https://www.revolutionise.com.au/hockeyballarat/games/team/26298/417806,417806,Calvin D.,117,FALSE,FALSE,FALSE,FALSE,FALSE,BP221uJ,,,,,https://www.revolutionise.com.au/hockeyballarat/game/2564744,2026-06-21 10:38:12,https://www.revolutionise.com.au/hockeyballarat/game/2564744|417806|BP221uJ,26298,14932,18277,https://www.revolutionise.com.au/hockeyballarat/venues/26298/18277,2564744
Hockey Ballarat,Hockey Ballarat 2026 Winter Competition,Division 2 Men,Round 7,2026-06-21,15:30,Prince of Wales Park,Full Pitch,Bobcats,Div 2 Men,Bobcats Div 2 Men,https://www.revolutionise.com.au/hockeyballarat/games/team/26298/417792,417792,Blaze,Blaze Div 2 Men,Blaze Blaze Div 2 Men,https://www.revolutionise.com.au/hockeyballarat/games/team/26298/417806,417806,1,2,FALSE,Hayden Bourne,Gus Bennett,away,Blaze,Blaze Div 2 Men,Blaze Blaze Div 2 Men,https://www.revolutionise.com.au/hockeyballarat/games/team/26298/417806,417806,Harry S.,115,FALSE,FALSE,TRUE,FALSE,FALSE,yQBBkf1,,,,,https://www.revolutionise.com.au/hockeyballarat/game/2564744,2026-06-21 10:38:12,https://www.revolutionise.com.au/hockeyballarat/game/2564744|417806|yQBBkf1,26298,14932,18277,https://www.revolutionise.com.au/hockeyballarat/venues/26298/18277,2564744
Hockey Ballarat,Hockey Ballarat 2026 Winter Competition,Division 2 Men,Round 7,2026-06-21,15:30,Prince of Wales Park,Full Pitch,Bobcats,Div 2 Men,Bobcats Div 2 Men,https://www.revolutionise.com.au/hockeyballarat/games/team/26298/417792,417792,Blaze,Blaze Div 2 Men,Blaze Blaze Div 2 Men,https://www.revolutionise.com.au/hockeyballarat/games/team/26298/417806,417806,1,2,FALSE,Hayden Bourne,Gus Bennett,away,Blaze,Blaze Div 2 Men,Blaze Blaze Div 2 Men,https://www.revolutionise.com.au/hockeyballarat/games/team/26298/417806,417806,Isabelle S.,4,FALSE,FALSE,TRUE,FALSE,FALSE,mBkR4fP,,,,,https://www.revolutionise.com.au/hockeyballarat/game/2564744,2026-06-21 10:38:12,https://www.revolutionise.com.au/hockeyballarat/game/2564744|417806|mBkR4fP,26298,14932,18277,https://www.revolutionise.com.au/hockeyballarat/venues/26298/18277,2564744
Hockey Ballarat,Hockey Ballarat 2026 Winter Competition,Division 2 Men,Round 7,2026-06-21,15:30,Prince of Wales Park,Full Pitch,Bobcats,Div 2 Men,Bobcats Div 2 Men,https://www.revolutionise.com.au/hockeyballarat/games/team/26298/417792,417792,Blaze,Blaze Div 2 Men,Blaze Blaze Div 2 Men,https://www.revolutionise.com.au/hockeyballarat/games/team/26298/417806,417806,1,2,FALSE,Hayden Bourne,Gus Bennett,away,Blaze,Blaze Div 2 Men,Blaze Blaze Div 2 Men,https://www.revolutionise.com.au/hockeyballarat/games/team/26298/417806,417806,Jayden I.,113,FALSE,FALSE,FALSE,FALSE,FALSE,A8wBlsq,,,,,https://www.revolutionise.com.au/hockeyballarat/game/2564744,2026-06-21 10:38:12,https://www.revolutionise.com.au/hockeyballarat/game/2564744|417806|A8wBlsq,26298,14932,18277,https://www.revolutionise.com.au/hockeyballarat/venues/26298/18277,2564744
Hockey Ballarat,Hockey Ballarat 2026 Winter Competition,Division 2 Men,Round 7,2026-06-21,15:30,Prince of Wales Park,Full Pitch,Bobcats,Div 2 Men,Bobcats Div 2 Men,https://www.revolutionise.com.au/hockeyballarat/games/team/26298/417792,417792,Blaze,Blaze Div 2 Men,Blaze Blaze Div 2 Men,https://www.revolutionise.com.au/hockeyballarat/games/team/26298/417806,417806,1,2,FALSE,Hayden Bourne,Gus Bennett,away,Blaze,Blaze Div 2 Men,Blaze Blaze Div 2 Men,https://www.revolutionise.com.au/hockeyballarat/games/team/26298/417806,417806,KARL C.,114,FALSE,FALSE,TRUE,FALSE,FALSE,ZOAJDFl,1,,,,https://www.revolutionise.com.au/hockeyballarat/game/2564744,2026-06-21 10:38:12,https://www.revolutionise.com.au/hockeyballarat/game/2564744|417806|ZOAJDFl,26298,14932,18277,https://www.revolutionise.com.au/hockeyballarat/venues/26298/18277,2564744
Hockey Ballarat,Hockey Ballarat 2026 Winter Competition,Division 2 Men,Round 7,2026-06-21,15:30,Prince of Wales Park,Full Pitch,Bobcats,Div 2 Men,Bobcats Div 2 Men,https://www.revolutionise.com.au/hockeyballarat/games/team/26298/417792,417792,Blaze,Blaze Div 2 Men,Blaze Blaze Div 2 Men,https://www.revolutionise.com.au/hockeyballarat/games/team/26298/417806,417806,1,2,FALSE,Hayden Bourne,Gus Bennett,away,Blaze,Blaze Div 2 Men,Blaze Blaze Div 2 Men,https://www.revolutionise.com.au/hockeyballarat/games/team/26298/417806,417806,Lola W.,118,FALSE,FALSE,FALSE,FALSE,FALSE,MnzWyca,,,,,https://www.revolutionise.com.au/hockeyballarat/game/2564744,2026-06-21 10:38:12,https://www.revolutionise.com.au/hockeyballarat/game/2564744|417806|MnzWyca,26298,14932,18277,https://www.revolutionise.com.au/hockeyballarat/venues/26298/18277,2564744
Hockey Ballarat,Hockey Ballarat 2026 Winter Competition,Division 2 Men,Round 7,2026-06-21,15:30,Prince of Wales Park,Full Pitch,Bobcats,Div 2 Men,Bobcats Div 2 Men,https://www.revolutionise.com.au/hockeyballarat/games/team/26298/417792,417792,Blaze,Blaze Div 2 Men,Blaze Blaze Div 2 Men,https://www.revolutionise.com.au/hockeyballarat/games/team/26298/417806,417806,1,2,FALSE,Hayden Bourne,Gus Bennett,away,Blaze,Blaze Div 2 Men,Blaze Blaze Div 2 Men,https://www.revolutionise.com.au/hockeyballarat/games/team/26298/417806,417806,Mark S.,36,FALSE,FALSE,TRUE,FALSE,FALSE,Nlb1bsl,,,,,https://www.revolutionise.com.au/hockeyballarat/game/2564744,2026-06-21 10:38:12,https://www.revolutionise.com.au/hockeyballarat/game/2564744|417806|Nlb1bsl,26298,14932,18277,https://www.revolutionise.com.au/hockeyballarat/venues/26298/18277,2564744
Hockey Ballarat,Hockey Ballarat 2026 Winter Competition,Division 2 Men,Round 7,2026-06-21,15:30,Prince of Wales Park,Full Pitch,Bobcats,Div 2 Men,Bobcats Div 2 Men,https://www.revolutionise.com.au/hockeyballarat/games/team/26298/417792,417792,Blaze,Blaze Div 2 Men,Blaze Blaze Div 2 Men,https://www.revolutionise.com.au/hockeyballarat/games/team/26298/417806,417806,1,2,FALSE,Hayden Bourne,Gus Bennett,away,Blaze,Blaze Div 2 Men,Blaze Blaze Div 2 Men,https://www.revolutionise.com.au/hockeyballarat/games/team/26298/417806,417806,Mark T.,39,FALSE,FALSE,TRUE,FALSE,FALSE,eOjGjU3,,,,,https://www.revolutionise.com.au/hockeyballarat/game/2564744,2026-06-21 10:38:12,https://www.revolutionise.com.au/hockeyballarat/game/2564744|417806|eOjGjU3,26298,14932,18277,https://www.revolutionise.com.au/hockeyballarat/venues/26298/18277,2564744
Hockey Ballarat,Hockey Ballarat 2026 Winter Competition,Division 2 Men,Round 7,2026-06-21,15:30,Prince of Wales Park,Full Pitch,Bobcats,Div 2 Men,Bobcats Div 2 Men,https://www.revolutionise.com.au/hockeyballarat/games/team/26298/417792,417792,Blaze,Blaze Div 2 Men,Blaze Blaze Div 2 Men,https://www.revolutionise.com.au/hockeyballarat/games/team/26298/417806,417806,1,2,FALSE,Hayden Bourne,Gus Bennett,away,Blaze,Blaze Div 2 Men,Blaze Blaze Div 2 Men,https://www.revolutionise.com.au/hockeyballarat/games/team/26298/417806,417806,Michael S.,7,FALSE,FALSE,FALSE,FALSE,FALSE,6O8lgh4,,,,,https://www.revolutionise.com.au/hockeyballarat/game/2564744,2026-06-21 10:38:12,https://www.revolutionise.com.au/hockeyballarat/game/2564744|417806|6O8lgh4,26298,14932,18277,https://www.revolutionise.com.au/hockeyballarat/venues/26298/18277,2564744
Hockey Ballarat,Hockey Ballarat 2026 Winter Competition,Division 2 Men,Round 7,2026-06-21,15:30,Prince of Wales Park,Full Pitch,Bobcats,Div 2 Men,Bobcats Div 2 Men,https://www.revolutionise.com.au/hockeyballarat/games/team/26298/417792,417792,Blaze,Blaze Div 2 Men,Blaze Blaze Div 2 Men,https://www.revolutionise.com.au/hockeyballarat/games/team/26298/417806,417806,1,2,FALSE,Hayden Bourne,Gus Bennett,away,Blaze,Blaze Div 2 Men,Blaze Blaze Div 2 Men,https://www.revolutionise.com.au/hockeyballarat/games/team/26298/417806,417806,Mitchell S.,1,FALSE,FALSE,TRUE,FALSE,FALSE,L3ZNVun,,,,,https://www.revolutionise.com.au/hockeyballarat/game/2564744,2026-06-21 10:38:12,https://www.revolutionise.com.au/hockeyballarat/game/2564744|417806|L3ZNVun,26298,14932,18277,https://www.revolutionise.com.au/hockeyballarat/venues/26298/18277,2564744
Hockey Ballarat,Hockey Ballarat 2026 Winter Competition,Division 2 Men,Round 7,2026-06-21,15:30,Prince of Wales Park,Full Pitch,Bobcats,Div 2 Men,Bobcats Div 2 Men,https://www.revolutionise.com.au/hockeyballarat/games/team/26298/417792,417792,Blaze,Blaze Div 2 Men,Blaze Blaze Div 2 Men,https://www.revolutionise.com.au/hockeyballarat/games/team/26298/417806,417806,1,2,FALSE,Hayden Bourne,Gus Bennett,away,Blaze,Blaze Div 2 Men,Blaze Blaze Div 2 Men,https://www.revolutionise.com.au/hockeyballarat/games/team/26298/417806,417806,Nicholas R.,,TRUE,FALSE,FALSE,FALSE,FALSE,LykE8Fn,,,,,https://www.revolutionise.com.au/hockeyballarat/game/2564744,2026-06-21 10:38:12,https://www.revolutionise.com.au/hockeyballarat/game/2564744|417806|LykE8Fn,26298,14932,18277,https://www.revolutionise.com.au/hockeyballarat/venues/26298/18277,2564744
Hockey Ballarat,Hockey Ballarat 2026 Winter Competition,Division 2 Men,Round 7,2026-06-21,15:30,Prince of Wales Park,Full Pitch,Bobcats,Div 2 Men,Bobcats Div 2 Men,https://www.revolutionise.com.au/hockeyballarat/games/team/26298/417792,417792,Blaze,Blaze Div 2 Men,Blaze Blaze Div 2 Men,https://www.revolutionise.com.au/hockeyballarat/games/team/26298/417806,417806,1,2,FALSE,Hayden Bourne,Gus Bennett,away,Blaze,Blaze Div 2 Men,Blaze Blaze Div 2 Men,https://www.revolutionise.com.au/hockeyballarat/games/team/26298/417806,417806,Nick T.,111,FALSE,FALSE,TRUE,FALSE,FALSE,XLyDZu8,,,,,https://www.revolutionise.com.au/hockeyballarat/game/2564744,2026-06-21 10:38:12,https://www.revolutionise.com.au/hockeyballarat/game/2564744|417806|XLyDZu8,26298,14932,18277,https://www.revolutionise.com.au/hockeyballarat/venues/26298/18277,2564744
Hockey Ballarat,Hockey Ballarat 2026 Winter Competition,Division 2 Men,Round 7,2026-06-21,15:30,Prince of Wales Park,Full Pitch,Bobcats,Div 2 Men,Bobcats Div 2 Men,https://www.revolutionise.com.au/hockeyballarat/games/team/26298/417792,417792,Blaze,Blaze Div 2 Men,Blaze Blaze Div 2 Men,https://www.revolutionise.com.au/hockeyballarat/games/team/26298/417806,417806,1,2,FALSE,Hayden Bourne,Gus Bennett,away,Blaze,Blaze Div 2 Men,Blaze Blaze Div 2 Men,https://www.revolutionise.com.au/hockeyballarat/games/team/26298/417806,417806,Quinn M.,60,FALSE,FALSE,TRUE,FALSE,FALSE,BgzVgiJ,,,,,https://www.revolutionise.com.au/hockeyballarat/game/2564744,2026-06-21 10:38:12,https://www.revolutionise.com.au/hockeyballarat/game/2564744|417806|BgzVgiJ,26298,14932,18277,https://www.revolutionise.com.au/hockeyballarat/venues/26298/18277,2564744
Hockey Ballarat,Hockey Ballarat 2026 Winter Competition,Division 2 Men,Round 7,2026-06-21,15:30,Prince of Wales Park,Full Pitch,Bobcats,Div 2 Men,Bobcats Div 2 Men,https://www.revolutionise.com.au/hockeyballarat/games/team/26298/417792,417792,Blaze,Blaze Div 2 Men,Blaze Blaze Div 2 Men,https://www.revolutionise.com.au/hockeyballarat/games/team/26298/417806,417806,1,2,FALSE,Hayden Bourne,Gus Bennett,away,Blaze,Blaze Div 2 Men,Blaze Blaze Div 2 Men,https://www.revolutionise.com.au/hockeyballarat/games/team/26298/417806,417806,Richard P.,10,FALSE,FALSE,FALSE,FALSE,FALSE,nmlR8h8,,,,,https://www.revolutionise.com.au/hockeyballarat/game/2564744,2026-06-21 10:38:12,https://www.revolutionise.com.au/hockeyballarat/game/2564744|417806|nmlR8h8,26298,14932,18277,https://www.revolutionise.com.au/hockeyballarat/venues/26298/18277,2564744
Hockey Ballarat,Hockey Ballarat 2026 Winter Competition,Division 2 Men,Round 7,2026-06-21,15:30,Prince of Wales Park,Full Pitch,Bobcats,Div 2 Men,Bobcats Div 2 Men,https://www.revolutionise.com.au/hockeyballarat/games/team/26298/417792,417792,Blaze,Blaze Div 2 Men,Blaze Blaze Div 2 Men,https://www.revolutionise.com.au/hockeyballarat/games/team/26298/417806,417806,1,2,FALSE,Hayden Bourne,Gus Bennett,away,Blaze,Blaze Div 2 Men,Blaze Blaze Div 2 Men,https://www.revolutionise.com.au/hockeyballarat/games/team/26298/417806,417806,Scott B.,112,FALSE,FALSE,TRUE,FALSE,FALSE,Blw4ECJ,,,,,https://www.revolutionise.com.au/hockeyballarat/game/2564744,2026-06-21 10:38:12,https://www.revolutionise.com.au/hockeyballarat/game/2564744|417806|Blw4ECJ,26298,14932,18277,https://www.revolutionise.com.au/hockeyballarat/venues/26298/18277,2564744
Hockey Ballarat,Hockey Ballarat 2026 Winter Competition,Division 2 Men,Round 7,2026-06-21,15:30,Prince of Wales Park,Full Pitch,Bobcats,Div 2 Men,Bobcats Div 2 Men,https://www.revolutionise.com.au/hockeyballarat/games/team/26298/417792,417792,Blaze,Blaze Div 2 Men,Blaze Blaze Div 2 Men,https://www.revolutionise.com.au/hockeyballarat/games/team/26298/417806,417806,1,2,FALSE,Hayden Bourne,Gus Bennett,away,Blaze,Blaze Div 2 Men,Blaze Blaze Div 2 Men,https://www.revolutionise.com.au/hockeyballarat/games/team/26298/417806,417806,Bas G.,,FALSE,FALSE,TRUE,TRUE,FALSE,Mw8m2sa,,,,,https://www.revolutionise.com.au/hockeyballarat/game/2564744,2026-06-21 10:38:12,https://www.revolutionise.com.au/hockeyballarat/game/2564744|417806|Mw8m2sa,26298,14932,18277,https://www.revolutionise.com.au/hockeyballarat/venues/26298/18277,2564744
Hockey Ballarat,Hockey Ballarat 2026 Winter Competition,Division 2 Men,Round 7,2026-06-21,15:30,Prince of Wales Park,Full Pitch,Bobcats,Div 2 Men,Bobcats Div 2 Men,https://www.revolutionise.com.au/hockeyballarat/games/team/26298/417792,417792,Blaze,Blaze Div 2 Men,Blaze Blaze Div 2 Men,https://www.revolutionise.com.au/hockeyballarat/games/team/26298/417806,417806,1,2,FALSE,Hayden Bourne,Gus Bennett,away,Blaze,Blaze Div 2 Men,Blaze Blaze Div 2 Men,https://www.revolutionise.com.au/hockeyballarat/games/team/26298/417806,417806,Nic H.,,FALSE,FALSE,TRUE,TRUE,FALSE,B201BIJ,1,,,,https://www.revolutionise.com.au/hockeyballarat/game/2564744,2026-06-21 10:38:12,https://www.revolutionise.com.au/hockeyballarat/game/2564744|417806|B201BIJ,26298,14932,18277,https://www.revolutionise.com.au/hockeyballarat/venues/26298/18277,2564744
Hockey Ballarat,Hockey Ballarat 2026 Winter Competition,Division 2 Men,Round 7,2026-06-21,15:30,Prince of Wales Park,Full Pitch,Bobcats,Div 2 Men,Bobcats Div 2 Men,https://www.revolutionise.com.au/hockeyballarat/games/team/26298/417792,417792,Blaze,Blaze Div 2 Men,Blaze Blaze Div 2 Men,https://www.revolutionise.com.au/hockeyballarat/games/team/26298/417806,417806,1,2,FALSE,Hayden Bourne,Gus Bennett,away,Blaze,Blaze Div 2 Men,Blaze Blaze Div 2 Men,https://www.revolutionise.com.au/hockeyballarat/games/team/26298/417806,417806,William H.,,FALSE,FALSE,TRUE,TRUE,FALSE,0jJYLH3,,,,,https://www.revolutionise.com.au/hockeyballarat/game/2564744,2026-06-21 10:38:12,https://www.revolutionise.com.au/hockeyballarat/game/2564744|417806|0jJYLH3,26298,14932,18277,https://www.revolutionise.com.au/hockeyballarat/venues/26298/18277,2564744
