revsports_player_id,competition_id,association,player_name,first_name,last_name,season_attended,season_goals,season_green_cards,season_yellow_cards,season_red_cards,scraped_at
AP13auq,26298,Hockey Ballarat,Aamber kaur G,Aamber kaur,G,1,0,0,0,0,2026-07-01T17:48:00.166854
KvzbeUm,26298,Hockey Ballarat,Aarav K,Aarav,K,11,0,0,0,0,2026-07-01T17:48:00.166953
K1Z0rfm,26298,Hockey Ballarat,Aaron L,Aaron,L,7,4,0,0,0,2026-07-01T17:48:00.167009
qzrbDcZ,26298,Hockey Ballarat,Aaron M,Aaron,M,8,0,0,0,0,2026-07-01T17:48:00.167061
WmaJYtO,26298,Hockey Ballarat,Abbey P,Abbey,P,1,0,0,0,0,2026-07-01T17:48:00.167113
zB6VbfB,26298,Hockey Ballarat,Abbie B,Abbie,B,10,7,0,0,0,2026-07-01T17:48:00.167159
jMw1lSN,26298,Hockey Ballarat,Ada H,Ada,H,7,1,0,0,0,2026-07-01T17:48:00.167211
ln0M1hx,26298,Hockey Ballarat,Ada O,Ada,O,6,0,0,0,0,2026-07-01T17:48:00.167266
K7PDqsm,26298,Hockey Ballarat,Adam H,Adam,H,9,1,0,0,0,2026-07-01T17:48:00.167313
q71ZYsZ,26298,Hockey Ballarat,Adham H,Adham,H,5,0,0,0,0,2026-07-01T17:48:00.167376
0PLXZS3,26298,Hockey Ballarat,Adrian P,Adrian,P,5,0,0,0,0,2026-07-01T17:48:00.167420
Xg4vvc8,26298,Hockey Ballarat,Aenid W,Aenid,W,6,1,0,0,0,2026-07-01T17:48:00.167464
LO0xzHn,26298,Hockey Ballarat,Ailish S,Ailish,S,6,1,0,0,0,2026-07-01T17:48:00.167510
QDGLxcw,26298,Hockey Ballarat,Albie H,Albie,H,6,0,0,0,0,2026-07-01T17:48:00.167551
RzLW8ie,26298,Hockey Ballarat,Alec H,Alec,H,7,7,0,0,0,2026-07-01T17:48:00.167601
ZlRMwhl,26298,Hockey Ballarat,Alex S,Alex,S,7,0,0,0,0,2026-07-01T17:48:00.167649
vnj0XsZ,26298,Hockey Ballarat,Alfred P,Alfred,P,6,2,0,0,0,2026-07-01T17:48:00.167691
1vrYzh2,26298,Hockey Ballarat,Alicia C,Alicia,C,11,1,1,0,0,2026-07-01T17:48:00.167734
P8bgrIP,26298,Hockey Ballarat,Aliyah K,Aliyah,K,6,0,0,0,0,2026-07-01T17:48:00.167778
XVWxah8,26298,Hockey Ballarat,Amelia B,Amelia,B,6,0,0,0,0,2026-07-01T17:48:00.167822
lZY2QTx,26298,Hockey Ballarat,Amelia K,Amelia,K,5,0,0,0,0,2026-07-01T17:48:00.167864
ybqrXI1,26298,Hockey Ballarat,Amy M,Amy,M,7,0,0,0,0,2026-07-01T17:48:00.167906
QlRl2fw,26298,Hockey Ballarat,Amy R,Amy,R,1,0,0,0,0,2026-07-01T17:48:00.167948
lDVqmFx,26298,Hockey Ballarat,Andrew K,Andrew,K,2,0,1,0,0,2026-07-01T17:48:00.167989
Oy9NXT9,26298,Hockey Ballarat,Andy M,Andy,M,6,5,0,0,0,2026-07-01T17:48:00.168034
xwjeWfD,26298,Hockey Ballarat,Angela W,Angela,W,1,0,0,0,0,2026-07-01T17:48:00.168078
9Kej2HX,26298,Hockey Ballarat,Angus k,Angus,k,6,1,0,0,0,2026-07-01T17:48:00.168120
03ybLs3,26298,Hockey Ballarat,Anna D,Anna,D,1,0,0,0,0,2026-07-01T17:48:00.168162
n7gJXc8,26298,Hockey Ballarat,Annabelle H,Annabelle,H,11,2,0,0,0,2026-07-01T17:48:00.168203
QD212Sw,26298,Hockey Ballarat,Annabelle R,Annabelle,R,7,3,0,0,0,2026-07-01T17:48:00.168247
9jqx4HX,26298,Hockey Ballarat,Anneka W,Anneka,W,6,1,0,0,0,2026-07-01T17:48:00.168291
Vn3X4Uw,26298,Hockey Ballarat,Annie L,Annie,L,7,0,0,0,0,2026-07-01T17:48:00.168342
8DNDzFD,26298,Hockey Ballarat,Anthony D,Anthony,D,2,0,1,0,0,2026-07-01T17:48:00.168386
ayADnU1,26298,Hockey Ballarat,Anthony M,Anthony,M,4,1,3,0,0,2026-07-01T17:48:00.168428
RAwrVSe,26298,Hockey Ballarat,Anthony P,Anthony,P,6,1,0,0,0,2026-07-01T17:48:00.168474
aWe2ei1,26298,Hockey Ballarat,Arabella J,Arabella,J,4,0,0,0,0,2026-07-01T17:48:00.168515
yyXlzF1,26298,Hockey Ballarat,Archer R,Archer,R,6,1,0,0,0,2026-07-01T17:48:00.168556
QzZA7fw,26298,Hockey Ballarat,Archie M,Archie,M,6,1,0,0,0,2026-07-01T17:48:00.168597
g0myBTm,26298,Hockey Ballarat,Aria Q,Aria,Q,10,0,0,0,0,2026-07-01T17:48:00.168638
L8WGehn,26298,Hockey Ballarat,Arlen E,Arlen,E,6,2,0,0,0,2026-07-01T17:48:00.168680
7qPwQF8,26298,Hockey Ballarat,Arthur A,Arthur,A,8,1,0,0,0,2026-07-01T17:48:00.168722
MDVV9Sa,26298,Hockey Ballarat,Arthur S,Arthur,S,6,0,0,0,0,2026-07-01T17:48:00.168763
VOJWlIw,26298,Hockey Ballarat,Ashleigh B,Ashleigh,B,7,1,0,0,0,2026-07-01T17:48:00.168804
qr083tZ,26298,Hockey Ballarat,Ashley G,Ashley,G,6,0,0,0,0,2026-07-01T17:48:00.168845
a6Ggbh1,26298,Hockey Ballarat,Audrey G,Audrey,G,6,0,0,0,0,2026-07-01T17:48:00.168888
J8Vb1u1,26298,Hockey Ballarat,Audrey N,Audrey,N,5,0,0,0,0,2026-07-01T17:48:00.168930
RAOLBie,26298,Hockey Ballarat,Ava D,Ava,D,5,0,0,0,0,2026-07-01T17:48:00.168974
vaMVyTZ,26298,Hockey Ballarat,Ava F,Ava,F,4,0,0,0,0,2026-07-01T17:48:00.169016
4yEqGU3,26298,Hockey Ballarat,Ayden E,Ayden,E,5,0,0,0,0,2026-07-01T17:48:00.169057
WQrBbUO,26298,Hockey Ballarat,Bailey P,Bailey,P,8,1,2,0,0,2026-07-01T17:48:00.169099
Mw8m2sa,26298,Hockey Ballarat,Bas G,Bas,G,6,0,0,0,0,2026-07-01T17:48:00.169141
ZNlVKul,26298,Hockey Ballarat,Belinda H,Belinda,H,6,3,0,0,0,2026-07-01T17:48:00.169185
XVnjQu8,26298,Hockey Ballarat,Bella J,Bella,J,6,0,0,0,0,2026-07-01T17:48:00.169227
2DVVWH2,26298,Hockey Ballarat,Ben F,Ben,F,2,0,0,1,0,2026-07-01T17:48:00.169269
VnX07Hw,26298,Hockey Ballarat,Ben G,Ben,G,6,0,0,0,0,2026-07-01T17:48:00.169316
XeRO3I8,26298,Hockey Ballarat,Ben S,Ben,S,6,0,0,0,0,2026-07-01T17:48:00.169369
Vz3w9fw,26298,Hockey Ballarat,Ben S,Ben,S,7,0,0,0,0,2026-07-01T17:48:00.169411
Ke6Peum,26298,Hockey Ballarat,Ben S,Ben,S,7,1,0,0,0,2026-07-01T17:48:00.169455
Xen4vS8,26298,Hockey Ballarat,Benjamin B,Benjamin,B,4,5,1,0,0,2026-07-01T17:48:00.169498
M1QNGha,26298,Hockey Ballarat,Benjamin T,Benjamin,T,2,0,0,0,0,2026-07-01T17:48:00.169539
4rA1Mf3,26298,Hockey Ballarat,Benjamin W,Benjamin,W,4,0,0,0,0,2026-07-01T17:48:00.169581
rJKl0Hg,26298,Hockey Ballarat,Blake C,Blake,C,5,1,0,0,0,2026-07-01T17:48:00.169622
7DM2qi8,26298,Hockey Ballarat,Bonnie A,Bonnie,A,9,2,0,0,0,2026-07-01T17:48:00.169668
x6nGNUD,26298,Hockey Ballarat,Brandon S,Brandon,S,6,0,0,0,0,2026-07-01T17:48:00.169709
rqbXwCg,26298,Hockey Ballarat,Breanna J,Breanna,J,8,0,0,0,0,2026-07-01T17:48:00.169753
NzEwLsl,26298,Hockey Ballarat,Brennan D,Brennan,D,3,0,0,0,0,2026-07-01T17:48:00.169794
wBYYwIX,26298,Hockey Ballarat,Bridget d,Bridget,d,4,0,0,0,0,2026-07-01T17:48:00.169835
9qWkaUX,26298,Hockey Ballarat,Bridie D,Bridie,D,5,0,0,0,0,2026-07-01T17:48:00.169875
w8Ym1IX,26298,Hockey Ballarat,Bryce R,Bryce,R,5,5,1,0,0,2026-07-01T17:48:00.169915
vmY0XhZ,26298,Hockey Ballarat,Caleb H,Caleb,H,15,6,1,0,0,2026-07-01T17:48:00.169956
8O1jzCD,26298,Hockey Ballarat,Callum B,Callum,B,1,1,0,0,0,2026-07-01T17:48:00.169997
BP221uJ,26298,Hockey Ballarat,Calvin D,Calvin,D,3,0,0,0,0,2026-07-01T17:48:00.170037
XXe0xh8,26298,Hockey Ballarat,Campbell R,Campbell,R,6,8,0,0,0,2026-07-01T17:48:00.170080
wBj1RsX,26298,Hockey Ballarat,Cassie L,Cassie,L,2,0,0,1,0,2026-07-01T17:48:00.170120
ga6jeCm,26298,Hockey Ballarat,Cecily F,Cecily,F,3,2,0,0,0,2026-07-01T17:48:00.170164
R7kPWse,26298,Hockey Ballarat,Chanaka A,Chanaka,A,2,0,0,0,0,2026-07-01T17:48:00.170205
nBMAPI8,26298,Hockey Ballarat,Charli B,Charli,B,8,0,0,0,0,2026-07-01T17:48:00.170248
x2xzrHD,26298,Hockey Ballarat,Charlie V,Charlie,V,6,2,0,0,0,2026-07-01T17:48:00.170290
qn40EiZ,26298,Hockey Ballarat,Charlotte M,Charlotte,M,2,0,0,0,0,2026-07-01T17:48:00.170345
XzR8Au8,26298,Hockey Ballarat,Chloe N,Chloe,N,11,0,0,0,0,2026-07-01T17:48:00.170387
nGjbZi8,26298,Hockey Ballarat,Chris B,Chris,B,2,1,0,0,0,2026-07-01T17:48:00.170428
zaaPLhB,26298,Hockey Ballarat,Chris P,Chris,P,8,0,0,0,0,2026-07-01T17:48:00.170468
PVlLVFP,26298,Hockey Ballarat,Claire B,Claire,B,6,3,0,0,0,2026-07-01T17:48:00.170509
WgbQbUO,26298,Hockey Ballarat,Claire B,Claire,B,7,0,0,0,0,2026-07-01T17:48:00.170550
Wl6kEsO,26298,Hockey Ballarat,Claire H,Claire,H,4,3,0,0,0,2026-07-01T17:48:00.170593
VwrDbcw,26298,Hockey Ballarat,Claire N,Claire,N,1,0,0,0,0,2026-07-01T17:48:00.170634
B2nDqIJ,26298,Hockey Ballarat,Clarabel W,Clarabel,W,4,0,0,0,0,2026-07-01T17:48:00.170675
JMnqDc1,26298,Hockey Ballarat,Clare D,Clare,D,3,1,0,0,0,2026-07-01T17:48:00.170718
w71KecX,26298,Hockey Ballarat,Colton N,Colton,N,6,2,0,0,0,2026-07-01T17:48:00.170761
RlDnlte,26298,Hockey Ballarat,Connie L,Connie,L,6,0,0,0,0,2026-07-01T17:48:00.170804
aDQ1qh1,26298,Hockey Ballarat,Connor B,Connor,B,6,11,0,0,0,2026-07-01T17:48:00.170844
4wGZGC3,26298,Hockey Ballarat,Cooper G,Cooper,G,4,0,0,0,0,2026-07-01T17:48:00.170885
ay6XbU1,26298,Hockey Ballarat,Cooper P,Cooper,P,2,2,0,0,0,2026-07-01T17:48:00.170926
9DrDaHX,26298,Hockey Ballarat,Cooper W,Cooper,W,8,0,0,0,0,2026-07-01T17:48:00.170967
yb2bzI1,26298,Hockey Ballarat,Cora T,Cora,T,3,0,0,0,0,2026-07-01T17:48:00.171013
rPbrvUg,26298,Hockey Ballarat,Craig W,Craig,W,2,2,0,0,0,2026-07-01T17:48:00.171055
ga7OBcm,26298,Hockey Ballarat,Cristin R,Cristin,R,1,0,0,0,0,2026-07-01T17:48:00.171098
qOnPMiZ,26298,Hockey Ballarat,Damon S,Damon,S,10,0,1,0,0,2026-07-01T17:48:00.171141
NDbgBul,26298,Hockey Ballarat,Daniel S,Daniel,S,7,2,0,0,0,2026-07-01T17:48:00.171182
YYKOLFm,26298,Hockey Ballarat,Danielle L,Danielle,L,6,0,0,0,0,2026-07-01T17:48:00.171224
G8vrwtB,26298,Hockey Ballarat,David F,David,F,1,0,0,0,0,2026-07-01T17:48:01.402554
PVgrBuP,26298,Hockey Ballarat,David H,David,H,7,1,0,1,0,2026-07-01T17:48:01.402634
9wGQ8IX,26298,Hockey Ballarat,David S,David,S,7,5,0,0,0,2026-07-01T17:48:01.402688
RLwP7ce,26298,Hockey Ballarat,David T,David,T,8,0,0,0,0,2026-07-01T17:48:01.402736
Vl134Uw,26298,Hockey Ballarat,Declan Z,Declan,Z,3,0,0,0,0,2026-07-01T17:48:01.402782
Vzmr7iw,26298,Hockey Ballarat,Demi S,Demi,S,6,6,0,0,0,2026-07-01T17:48:01.402828
g7g37Hm,26298,Hockey Ballarat,Digby S,Digby,S,8,1,0,0,0,2026-07-01T17:48:01.402874
0D324U3,26298,Hockey Ballarat,Dione E,Dione,E,7,5,0,0,0,2026-07-01T17:48:01.402917
v3b8AfZ,26298,Hockey Ballarat,Divjot k,Divjot,k,6,1,0,0,0,2026-07-01T17:48:01.402959
WKQ9NIO,26298,Hockey Ballarat,Douglas B,Douglas,B,7,0,0,0,0,2026-07-01T17:48:01.403003
qw9gDiZ,26298,Hockey Ballarat,Eathan D,Eathan,D,7,0,0,0,0,2026-07-01T17:48:01.403046
QlVJefw,26298,Hockey Ballarat,Ebonie S,Ebonie,S,6,8,0,0,0,2026-07-01T17:48:01.403088
WKrR2IO,26298,Hockey Ballarat,Ed R,Ed,R,9,0,0,0,0,2026-07-01T17:48:01.403137
g6YY1um,26298,Hockey Ballarat,Edith F,Edith,F,6,0,0,0,0,2026-07-01T17:48:01.403179
PMZqNiP,26298,Hockey Ballarat,Edmund H,Edmund,H,8,1,1,0,0,2026-07-01T17:48:01.403226
4PqMGH3,26298,Hockey Ballarat,Edward B,Edward,B,4,0,0,0,0,2026-07-01T17:48:01.403269
nZLzZC8,26298,Hockey Ballarat,Eli S,Eli,S,13,10,0,0,0,2026-07-01T17:48:01.403313
AQXVQHq,26298,Hockey Ballarat,Elise W,Elise,W,4,5,1,0,0,2026-07-01T17:48:01.403369
BYBrjFJ,26298,Hockey Ballarat,Eliza Y,Eliza,Y,3,0,0,0,0,2026-07-01T17:48:01.403411
yM6QqC1,26298,Hockey Ballarat,Elizabeth B,Elizabeth,B,3,0,0,0,0,2026-07-01T17:48:01.403454
nB3qZs8,26298,Hockey Ballarat,Elizabeth M,Elizabeth,M,5,1,1,0,0,2026-07-01T17:48:01.403497
RlblQie,26298,Hockey Ballarat,Elizabeth W,Elizabeth,W,4,0,0,0,0,2026-07-01T17:48:01.403540
8kgbnhD,26298,Hockey Ballarat,Ella M,Ella,M,6,2,0,0,0,2026-07-01T17:48:01.403582
YEz8mum,26298,Hockey Ballarat,Elliot B,Elliot,B,6,0,0,0,0,2026-07-01T17:48:01.403625
rEP6wtg,26298,Hockey Ballarat,Emile S,Emile,S,6,3,0,0,0,2026-07-01T17:48:01.403668
13EaeH2,26298,Hockey Ballarat,Emily D,Emily,D,6,0,0,0,0,2026-07-01T17:48:01.403713
nBDNXT8,26298,Hockey Ballarat,Emily L,Emily,L,6,0,0,0,0,2026-07-01T17:48:01.403758
gz3yGTm,26298,Hockey Ballarat,Emily M,Emily,M,8,4,0,0,0,2026-07-01T17:48:01.403802
aMAEnF1,26298,Hockey Ballarat,Emily W,Emily,W,4,0,0,0,0,2026-07-01T17:48:01.403846
k7GkgtR,26298,Hockey Ballarat,Emma M,Emma,M,5,0,0,0,0,2026-07-01T17:48:01.403887
JOqyyu1,26298,Hockey Ballarat,Erin P,Erin,P,1,0,0,0,0,2026-07-01T17:48:01.403929
aX6r7T1,26298,Hockey Ballarat,Eshaan U,Eshaan,U,5,1,0,0,0,2026-07-01T17:48:01.403970
kRnWMSR,26298,Hockey Ballarat,Ethan O,Ethan,O,10,4,1,0,0,2026-07-01T17:48:01.404012
jA98eTN,26298,Hockey Ballarat,Eva W,Eva,W,4,2,0,0,0,2026-07-01T17:48:01.404054
bk2vPh3,26298,Hockey Ballarat,Evan D,Evan,D,2,0,0,0,0,2026-07-01T17:48:01.404096
KN8P3Um,26298,Hockey Ballarat,Everleigh J,Everleigh,J,5,1,0,0,0,2026-07-01T17:48:01.404137
WgbbYIO,26298,Hockey Ballarat,Evora D,Evora,D,5,0,0,0,0,2026-07-01T17:48:01.404178
rq1KJIg,26298,Hockey Ballarat,Felicity W,Felicity,W,4,3,0,0,0,2026-07-01T17:48:01.404218
Ra8llSe,26298,Hockey Ballarat,Felix W,Felix,W,6,1,0,0,0,2026-07-01T17:48:01.404259
GMbQ0TB,26298,Hockey Ballarat,Fergus L,Fergus,L,5,0,0,0,0,2026-07-01T17:48:01.404300
bAezzi3,26298,Hockey Ballarat,Fergus P,Fergus,P,7,0,0,0,0,2026-07-01T17:48:01.404351
4QYQXt3,26298,Hockey Ballarat,Finlay W,Finlay,W,7,3,0,0,0,2026-07-01T17:48:01.404393
K1BAnFm,26298,Hockey Ballarat,Fionn Z,Fionn,Z,5,1,0,1,0,2026-07-01T17:48:01.404434
jaZReSN,26298,Hockey Ballarat,Frances D,Frances,D,5,1,0,0,0,2026-07-01T17:48:01.404474
AO3yAUq,26298,Hockey Ballarat,Francis T,Francis,T,4,2,0,0,0,2026-07-01T17:48:01.404514
OBzjqt9,26298,Hockey Ballarat,Fraser C,Fraser,C,7,15,0,0,0,2026-07-01T17:48:01.404554
1x6V2h2,26298,Hockey Ballarat,Fred R,Fred,R,8,4,0,0,0,2026-07-01T17:48:01.404595
k9JnmsR,26298,Hockey Ballarat,Fred W,Fred,W,5,0,0,0,0,2026-07-01T17:48:01.404636
77lR2U8,26298,Hockey Ballarat,Freddie H,Freddie,H,6,9,0,0,0,2026-07-01T17:48:01.404677
lZnq8Tx,26298,Hockey Ballarat,Freddie L,Freddie,L,5,10,0,0,0,2026-07-01T17:48:01.404719
D1PmqCk,26298,Hockey Ballarat,Gabe P,Gabe,P,9,3,0,1,0,2026-07-01T17:48:01.404760
n7Xw8C8,26298,Hockey Ballarat,Gareth A,Gareth,A,5,1,0,0,0,2026-07-01T17:48:01.404801
DDvveuk,26298,Hockey Ballarat,Garry B,Garry,B,7,1,0,1,0,2026-07-01T17:48:01.404844
XglBNh8,26298,Hockey Ballarat,George A,George,A,5,0,0,0,0,2026-07-01T17:48:01.404884
77N87S8,26298,Hockey Ballarat,Gina M,Gina,M,2,0,0,0,0,2026-07-01T17:48:01.404925
wzWXlsX,26298,Hockey Ballarat,Ginger R,Ginger,R,6,0,0,0,0,2026-07-01T17:48:01.404965
3DkXkTw,26298,Hockey Ballarat,Glen C,Glen,C,8,0,0,0,0,2026-07-01T17:48:01.405005
3EmbzSw,26298,Hockey Ballarat,Glyn K,Glyn,K,8,0,0,0,0,2026-07-01T17:48:01.405044
a33Wnf1,26298,Hockey Ballarat,Goraav Reddy N,Goraav Reddy,N,4,0,0,0,0,2026-07-01T17:48:01.405086
x2xVnHD,26298,Hockey Ballarat,Gus A,Gus,A,6,0,0,0,0,2026-07-01T17:48:01.405127
XO1jvs8,26298,Hockey Ballarat,Hamish M,Hamish,M,8,2,0,0,0,2026-07-01T17:48:01.405167
v32vbhZ,26298,Hockey Ballarat,Hamish S,Hamish,S,6,2,0,0,0,2026-07-01T17:48:01.405208
NmNAAIl,26298,Hockey Ballarat,Hamish S,Hamish,S,7,5,0,0,0,2026-07-01T17:48:01.405249
ROArlIe,26298,Hockey Ballarat,Hamish W,Hamish,W,5,0,0,0,0,2026-07-01T17:48:01.405290
yX8bJh1,26298,Hockey Ballarat,Hannah F,Hannah,F,2,0,0,0,0,2026-07-01T17:48:01.405341
7yvnXi8,26298,Hockey Ballarat,Hannah H,Hannah,H,6,0,0,0,0,2026-07-01T17:48:01.405384
Vwa4bcw,26298,Hockey Ballarat,Hannah M,Hannah,M,1,0,0,0,0,2026-07-01T17:48:01.405426
1lgJzu2,26298,Hockey Ballarat,Harley J,Harley,J,3,0,0,0,0,2026-07-01T17:48:01.405467
b1D4DI3,26298,Hockey Ballarat,Harley S,Harley,S,15,4,0,0,0,2026-07-01T17:48:01.405508
XDv0aC8,26298,Hockey Ballarat,Harper N,Harper,N,6,0,0,0,0,2026-07-01T17:48:01.405549
YGNkqFm,26298,Hockey Ballarat,Harriet L,Harriet,L,8,0,0,0,0,2026-07-01T17:48:01.405590
0VgZZi3,26298,Hockey Ballarat,Harry P,Harry,P,12,0,0,0,0,2026-07-01T17:48:01.405631
yQBBkf1,26298,Hockey Ballarat,Harry S,Harry,S,14,2,0,0,0,2026-07-01T17:48:01.405673
9wKAgHX,26298,Hockey Ballarat,Hayden B,Hayden,B,3,1,0,0,0,2026-07-01T17:48:01.405713
ELVBxUN,26298,Hockey Ballarat,Hayden E,Hayden,E,5,0,0,1,0,2026-07-01T17:48:01.405756
PVyABhP,26298,Hockey Ballarat,Hayden G,Hayden,G,4,0,0,0,0,2026-07-01T17:48:01.405800
n24X1F8,26298,Hockey Ballarat,Hayden S,Hayden,S,7,1,0,0,0,2026-07-01T17:48:01.405841
M1gz2ua,26298,Hockey Ballarat,Hayden S,Hayden,S,9,2,0,0,0,2026-07-01T17:48:01.405883
ODanqS9,26298,Hockey Ballarat,Hazel E,Hazel,E,5,1,0,0,0,2026-07-01T17:48:01.405924
meygDHP,26298,Hockey Ballarat,Hazel P,Hazel,P,3,1,0,0,0,2026-07-01T17:48:01.405964
L9zK0hn,26298,Hockey Ballarat,Heath M,Heath,M,5,0,0,0,0,2026-07-01T17:48:01.406005
JbY41u1,26298,Hockey Ballarat,Heidi S,Heidi,S,12,15,0,0,0,2026-07-01T17:48:01.406045
DLzGJsk,26298,Hockey Ballarat,Helen R,Helen,R,7,0,0,0,0,2026-07-01T17:48:01.406086
9nYJacX,26298,Hockey Ballarat,Henry B,Henry,B,15,1,0,0,0,2026-07-01T17:48:01.406127
rWV4Msg,26298,Hockey Ballarat,Henry J,Henry,J,5,0,0,0,0,2026-07-01T17:48:01.406168
RDV2Wfe,26298,Hockey Ballarat,Henry M,Henry,M,6,1,0,0,0,2026-07-01T17:48:01.406208
v39y1sZ,26298,Hockey Ballarat,Henry V,Henry,V,7,1,0,0,0,2026-07-01T17:48:01.406249
Dj9PWuk,26298,Hockey Ballarat,Hugh C,Hugh,C,7,5,0,0,0,2026-07-01T17:48:01.406289
G8a7wcB,26298,Hockey Ballarat,Hunter K,Hunter,K,9,4,0,0,0,2026-07-01T17:48:01.406344
3vZlzhw,26298,Hockey Ballarat,Imogen C,Imogen,C,6,0,0,0,0,2026-07-01T17:48:01.406387
RjLKKHe,26298,Hockey Ballarat,Imogen H,Imogen,H,6,1,0,0,0,2026-07-01T17:48:01.406428
BxR0nuJ,26298,Hockey Ballarat,Indiana K,Indiana,K,6,0,0,0,0,2026-07-01T17:48:01.406470
x2zVvHD,26298,Hockey Ballarat,Isabel S,Isabel,S,5,0,0,0,0,2026-07-01T17:48:01.406510
yjb8JF1,26298,Hockey Ballarat,Isabella A,Isabella,A,4,1,0,0,0,2026-07-01T17:48:01.406551
yEMAkf1,26298,Hockey Ballarat,Isabelle H,Isabelle,H,11,1,1,0,0,2026-07-01T17:48:01.406593
mBkR4fP,26298,Hockey Ballarat,Isabelle S,Isabelle,S,21,2,1,0,0,2026-07-01T17:48:01.406633
e0K6Ps3,26298,Hockey Ballarat,Isla L,Isla,L,3,0,0,0,0,2026-07-01T17:48:01.406674
eOk1mu3,26298,Hockey Ballarat,Jack B,Jack,B,5,1,0,0,0,2026-07-01T17:48:01.406715
62REWs4,26298,Hockey Ballarat,Jack D,Jack,D,2,0,0,0,0,2026-07-01T17:48:01.406756
321vzsw,26298,Hockey Ballarat,Jackson M,Jackson,M,8,6,0,0,0,2026-07-01T17:48:01.406796
030vJi3,26298,Hockey Ballarat,Jacob B,Jacob,B,3,0,0,0,0,2026-07-01T17:48:02.598957
POEkBiP,26298,Hockey Ballarat,Jacob F,Jacob,F,4,0,0,0,0,2026-07-01T17:48:02.599032
xN4JvUD,26298,Hockey Ballarat,Jacob L,Jacob,L,10,0,0,0,0,2026-07-01T17:48:02.599087
JzYLzT1,26298,Hockey Ballarat,Jaedon F,Jaedon,F,7,4,0,0,0,2026-07-01T17:48:02.599139
9KkRNCX,26298,Hockey Ballarat,James A,James,A,5,0,0,0,0,2026-07-01T17:48:02.599185
V9Jz7Tw,26298,Hockey Ballarat,James C,James,C,3,0,0,0,0,2026-07-01T17:48:02.599229
rQbgksg,26298,Hockey Ballarat,James G,James,G,6,0,0,0,0,2026-07-01T17:48:02.599273
ZYG7ail,26298,Hockey Ballarat,James H,James,H,7,0,0,0,0,2026-07-01T17:48:02.599316
xyAKjID,26298,Hockey Ballarat,James R,James,R,6,0,0,0,0,2026-07-01T17:48:02.599406
EP3vQHN,26298,Hockey Ballarat,James T,James,T,8,0,1,0,0,2026-07-01T17:48:02.599466
6XDkgu4,26298,Hockey Ballarat,James V,James,V,2,1,0,0,0,2026-07-01T17:48:02.599534
1YZM3I2,26298,Hockey Ballarat,James W,James,W,6,0,0,0,0,2026-07-01T17:48:02.599604
W6rxNTO,26298,Hockey Ballarat,Jamie L,Jamie,L,2,1,0,0,0,2026-07-01T17:48:02.599671
vy8GAfZ,26298,Hockey Ballarat,Jarrod K,Jarrod,K,6,1,0,0,0,2026-07-01T17:48:02.599713
ay2NnT1,26298,Hockey Ballarat,Jasmine M,Jasmine,M,13,0,0,0,0,2026-07-01T17:48:02.599754
j9AXluN,26298,Hockey Ballarat,Jason H,Jason,H,10,10,0,0,0,2026-07-01T17:48:02.599797
zgZyxTB,26298,Hockey Ballarat,Jason H,Jason,H,4,4,1,0,0,2026-07-01T17:48:02.599840
A8wBlsq,26298,Hockey Ballarat,Jayden I,Jayden,I,4,0,0,0,0,2026-07-01T17:48:02.599881
Lk4Rein,26298,Hockey Ballarat,Jennifer F,Jennifer,F,7,0,0,0,0,2026-07-01T17:48:02.599922
bn37bH3,26298,Hockey Ballarat,Jessica C,Jessica,C,2,0,0,0,0,2026-07-01T17:48:02.599964
NDNn6Il,26298,Hockey Ballarat,Jimmy V,Jimmy,V,4,0,0,0,0,2026-07-01T17:48:02.600005
QVeO3tw,26298,Hockey Ballarat,Jo V,Jo,V,8,0,0,0,0,2026-07-01T17:48:02.600045
q219KfZ,26298,Hockey Ballarat,Joanna P,Joanna,P,10,0,0,0,0,2026-07-01T17:48:02.600086
qlkQMtZ,26298,Hockey Ballarat,Joanne S,Joanne,S,8,3,0,0,0,2026-07-01T17:48:02.600129
e8rnPu3,26298,Hockey Ballarat,John B,John,B,6,0,0,0,0,2026-07-01T17:48:02.600170
74eyQc8,26298,Hockey Ballarat,Jonathan H,Jonathan,H,7,12,0,0,0,2026-07-01T17:48:02.600212
EwX61UN,26298,Hockey Ballarat,Jonte P,Jonte,P,11,6,0,0,0,2026-07-01T17:48:02.600255
L3ELeFn,26298,Hockey Ballarat,Jordan C,Jordan,C,1,1,0,0,0,2026-07-01T17:48:02.600298
YGD44Sm,26298,Hockey Ballarat,Jordan S,Jordan,S,17,7,0,0,0,2026-07-01T17:48:02.600355
K1NMqhm,26298,Hockey Ballarat,Joshua L,Joshua,L,3,0,0,0,0,2026-07-01T17:48:02.600401
Vleg8fw,26298,Hockey Ballarat,Joshua S,Joshua,S,6,3,1,0,0,2026-07-01T17:48:02.600444
PV8q7sP,26298,Hockey Ballarat,Judith Y,Judith,Y,5,0,0,0,0,2026-07-01T17:48:02.600486
ZqlBkCl,26298,Hockey Ballarat,Julie T,Julie,T,7,0,0,0,0,2026-07-01T17:48:02.600528
qYMWYhZ,26298,Hockey Ballarat,Kade K,Kade,K,10,0,0,0,0,2026-07-01T17:48:02.600572
wBJOeFX,26298,Hockey Ballarat,Kahlua S,Kahlua,S,3,5,2,0,0,2026-07-01T17:48:02.600615
29A9jS2,26298,Hockey Ballarat,Kaitlyn M,Kaitlyn,M,4,0,0,0,0,2026-07-01T17:48:02.600657
ZOAJDFl,26298,Hockey Ballarat,KARL C,KARL,C,8,1,0,0,0,2026-07-01T17:48:02.600699
GbLjBSB,26298,Hockey Ballarat,Kate B,Kate,B,6,1,0,0,0,2026-07-01T17:48:02.600741
DXKkJuk,26298,Hockey Ballarat,Kate C,Kate,C,0,0,0,0,0,2026-07-01T17:48:02.600781
6OmPBH4,26298,Hockey Ballarat,Kate M,Kate,M,4,0,0,0,0,2026-07-01T17:48:02.600822
RPa8mie,26298,Hockey Ballarat,Katy R,Katy,R,7,2,1,1,0,2026-07-01T17:48:02.600863
N1l7Bhl,26298,Hockey Ballarat,Kay D,Kay,D,6,0,1,0,0,2026-07-01T17:48:02.600903
93xAaUX,26298,Hockey Ballarat,Kayden H,Kayden,H,6,7,0,0,0,2026-07-01T17:48:02.600944
9akxyHX,26298,Hockey Ballarat,Kerryn P,Kerryn,P,6,2,0,0,0,2026-07-01T17:48:02.600986
0A2WLC3,26298,Hockey Ballarat,Kira B,Kira,B,7,1,0,0,0,2026-07-01T17:48:02.601026
kZ7jaiR,26298,Hockey Ballarat,Kirsty T,Kirsty,T,2,1,0,0,0,2026-07-01T17:48:02.601066
ay68Lh1,26298,Hockey Ballarat,Kizanne D,Kizanne,D,6,2,0,0,0,2026-07-01T17:48:02.601108
El3Y9SN,26298,Hockey Ballarat,Kristian N,Kristian,N,3,0,0,0,0,2026-07-01T17:48:02.601149
LykEzIn,26298,Hockey Ballarat,Kushil Reddy N,Kushil Reddy,N,7,0,0,0,0,2026-07-01T17:48:02.601190
j9KantN,26298,Hockey Ballarat,Kym N,Kym,N,2,1,0,0,0,2026-07-01T17:48:02.601231
7yQ12T8,26298,Hockey Ballarat,Lachlan H,Lachlan,H,11,6,0,0,0,2026-07-01T17:48:02.601272
2qaXAs2,26298,Hockey Ballarat,Lachlan M,Lachlan,M,3,0,0,0,0,2026-07-01T17:48:02.601313
DPOyquk,26298,Hockey Ballarat,Lachlan M,Lachlan,M,4,0,0,0,0,2026-07-01T17:48:02.601366
jbO7ViN,26298,Hockey Ballarat,Lachlan N,Lachlan,N,1,0,0,1,0,2026-07-01T17:48:02.601409
zwYaxhB,26298,Hockey Ballarat,Lachlan S,Lachlan,S,4,0,0,0,1,2026-07-01T17:48:02.601452
VleLjSw,26298,Hockey Ballarat,Lachlan T,Lachlan,T,8,1,0,0,0,2026-07-01T17:48:02.601493
VzMEjtw,26298,Hockey Ballarat,Lana W,Lana,W,4,0,0,0,0,2026-07-01T17:48:02.601532
nWGEYf8,26298,Hockey Ballarat,Lauchlan W,Lauchlan,W,8,0,0,0,0,2026-07-01T17:48:02.601574
RlyM4Ue,26298,Hockey Ballarat,Lauren M,Lauren,M,8,2,0,0,0,2026-07-01T17:48:02.601615
gaWmWTm,26298,Hockey Ballarat,Leanne M,Leanne,M,6,4,0,0,0,2026-07-01T17:48:02.601657
AzjNasq,26298,Hockey Ballarat,Leo S,Leo,S,6,4,0,0,0,2026-07-01T17:48:02.601697
81Xx9CD,26298,Hockey Ballarat,Leo T,Leo,T,11,0,0,0,0,2026-07-01T17:48:02.601737
eg71mh3,26298,Hockey Ballarat,Leona L,Leona,L,6,1,0,0,0,2026-07-01T17:48:02.601778
VzNgZcw,26298,Hockey Ballarat,Lewis R,Lewis,R,6,0,0,0,0,2026-07-01T17:48:02.601819
ykVvnf1,26298,Hockey Ballarat,Liam C,Liam,C,5,0,0,0,0,2026-07-01T17:48:02.601860
OgR4eH9,26298,Hockey Ballarat,Liam H,Liam,H,6,1,1,0,0,2026-07-01T17:48:02.601902
a1PznF1,26298,Hockey Ballarat,Liam J,Liam,J,7,0,1,0,0,2026-07-01T17:48:02.601944
qB1XYHZ,26298,Hockey Ballarat,Liam T,Liam,T,1,0,0,0,0,2026-07-01T17:48:02.601985
JXnODs1,26298,Hockey Ballarat,Liam W,Liam,W,6,10,0,0,0,2026-07-01T17:48:02.602025
MnzWyca,26298,Hockey Ballarat,Lola W,Lola,W,12,6,1,0,0,2026-07-01T17:48:02.602066
6al1yC4,26298,Hockey Ballarat,Louis R,Louis,R,5,2,0,0,0,2026-07-01T17:48:02.602106
nDzz1s8,26298,Hockey Ballarat,Louis S,Louis,S,4,0,0,0,0,2026-07-01T17:48:02.602146
K1LzAim,26298,Hockey Ballarat,Lucas B,Lucas,B,4,0,0,0,0,2026-07-01T17:48:02.602186
eQ0vZF3,26298,Hockey Ballarat,Lucas J,Lucas,J,12,1,0,0,0,2026-07-01T17:48:02.602227
KneQAHm,26298,Hockey Ballarat,Lucy S,Lucy,S,7,0,0,0,0,2026-07-01T17:48:02.602268
b712PU3,26298,Hockey Ballarat,Lukas H,Lukas,H,6,0,0,0,0,2026-07-01T17:48:02.602309
vg7lEiZ,26298,Hockey Ballarat,Luke E,Luke,E,8,0,1,0,0,2026-07-01T17:48:02.602361
zX68LfB,26298,Hockey Ballarat,Luke P,Luke,P,8,2,0,0,0,2026-07-01T17:48:02.602403
zwaqECB,26298,Hockey Ballarat,Luke R,Luke,R,7,6,0,0,0,2026-07-01T17:48:02.602444
29AZ3C2,26298,Hockey Ballarat,Luke T,Luke,T,5,1,0,0,0,2026-07-01T17:48:02.602484
n7DN8U8,26298,Hockey Ballarat,Lyndal B,Lyndal,B,7,0,0,0,0,2026-07-01T17:48:02.602525
ZyVvKCl,26298,Hockey Ballarat,Lyndsay W,Lyndsay,W,5,0,0,0,0,2026-07-01T17:48:02.602565
O8ZBOf9,26298,Hockey Ballarat,Mack H,Mack,H,15,5,0,0,0,2026-07-01T17:48:02.602606
1GbGDh2,26298,Hockey Ballarat,Madeline B,Madeline,B,4,3,0,0,0,2026-07-01T17:48:02.602648
8YAK8cD,26298,Hockey Ballarat,Maggie S,Maggie,S,7,0,0,0,0,2026-07-01T17:48:02.602688
jAwwQHN,26298,Hockey Ballarat,Magnus D,Magnus,D,6,2,0,0,0,2026-07-01T17:48:02.602729
rEAVvhg,26298,Hockey Ballarat,Maleah V,Maleah,V,1,0,0,0,0,2026-07-01T17:48:02.602770
710QqS8,26298,Hockey Ballarat,Manav K,Manav,K,11,0,2,0,0,2026-07-01T17:48:02.602811
Nlb1bsl,26298,Hockey Ballarat,Mark S,Mark,S,7,0,0,0,0,2026-07-01T17:48:02.602851
eOjGjU3,26298,Hockey Ballarat,Mark T,Mark,T,5,0,0,0,0,2026-07-01T17:48:02.602892
MOXNLSa,26298,Hockey Ballarat,Marley M,Marley,M,6,0,0,0,0,2026-07-01T17:48:02.602933
D1VLRck,26298,Hockey Ballarat,Marlin P,Marlin,P,1,0,0,0,0,2026-07-01T17:48:02.602974
NweKNsl,26298,Hockey Ballarat,Marta V,Marta,V,10,3,0,0,0,2026-07-01T17:48:02.603015
Wl6JxuO,26298,Hockey Ballarat,Mary B,Mary,B,7,2,0,0,0,2026-07-01T17:48:02.603057
egRrPS3,26298,Hockey Ballarat,Mateo M,Mateo,M,6,0,0,0,0,2026-07-01T17:48:02.603098
0DRxyi3,26298,Hockey Ballarat,Matilda A,Matilda,A,6,0,0,0,0,2026-07-01T17:48:02.603141
62WODT4,26298,Hockey Ballarat,Matthew K,Matthew,K,2,1,0,0,0,2026-07-01T17:48:02.603182
93Bj4FX,26298,Hockey Ballarat,Matthew R,Matthew,R,8,3,0,0,0,2026-07-01T17:48:02.603224
6zrygh4,26298,Hockey Ballarat,Max F,Max,F,9,0,1,0,0,2026-07-01T17:48:02.603266
XereEs8,26298,Hockey Ballarat,Max F,Max,F,1,1,0,0,0,2026-07-01T17:48:02.603309
Wg1BrTO,26298,Hockey Ballarat,Max W,Max,W,5,0,0,0,0,2026-07-01T17:48:03.784713
vywKzIZ,26298,Hockey Ballarat,Maxim W,Maxim,W,3,2,0,0,0,2026-07-01T17:48:03.784798
qXl6VUZ,26298,Hockey Ballarat,May R,May,R,5,0,0,0,0,2026-07-01T17:48:03.784853
N87A6Il,26298,Hockey Ballarat,Meg M,Meg,M,6,3,0,0,0,2026-07-01T17:48:03.784903
P21n7CP,26298,Hockey Ballarat,Meletta D,Meletta,D,8,0,0,0,0,2026-07-01T17:48:03.784948
bnEmxt3,26298,Hockey Ballarat,Mia B,Mia,B,6,0,0,0,0,2026-07-01T17:48:03.784992
VlwBlfw,26298,Hockey Ballarat,Michael C,Michael,C,5,6,0,0,0,2026-07-01T17:48:03.785040
LOrEyHn,26298,Hockey Ballarat,Michael E,Michael,E,6,0,0,0,0,2026-07-01T17:48:03.785084
6O8lgh4,26298,Hockey Ballarat,Michael S,Michael,S,6,0,2,0,0,2026-07-01T17:48:03.785128
ERmnyUN,26298,Hockey Ballarat,Michael V,Michael,V,1,0,0,0,0,2026-07-01T17:48:03.785171
vx4QbuZ,26298,Hockey Ballarat,Mietta G,Mietta,G,12,1,0,0,0,2026-07-01T17:48:03.785213
MPbqLia,26298,Hockey Ballarat,Mitch D,Mitch,D,7,1,1,0,0,2026-07-01T17:48:03.785255
g7nReHm,26298,Hockey Ballarat,Mitchell R,Mitchell,R,7,1,0,0,0,2026-07-01T17:48:03.785297
L3ZNVun,26298,Hockey Ballarat,Mitchell S,Mitchell,S,18,9,2,0,0,2026-07-01T17:48:03.785355
D1VlkTk,26298,Hockey Ballarat,Molly D,Molly,D,7,0,1,0,0,2026-07-01T17:48:03.785399
JBkYDu1,26298,Hockey Ballarat,Molly F,Molly,F,5,0,0,0,0,2026-07-01T17:48:03.785440
gQ7yecm,26298,Hockey Ballarat,Monty M,Monty,M,6,3,0,0,0,2026-07-01T17:48:03.785517
ma8a4tP,26298,Hockey Ballarat,Morgan E,Morgan,E,7,1,0,0,0,2026-07-01T17:48:03.785581
QWw67Cw,26298,Hockey Ballarat,Natasha L,Natasha,L,4,1,0,0,0,2026-07-01T17:48:03.785665
mJOB6UP,26298,Hockey Ballarat,Natasha O,Natasha,O,9,0,0,0,0,2026-07-01T17:48:03.785738
WlrWbsO,26298,Hockey Ballarat,Nate J,Nate,J,6,2,0,0,0,2026-07-01T17:48:03.785804
12a9nu2,26298,Hockey Ballarat,Nathan H,Nathan,H,4,2,0,0,0,2026-07-01T17:48:03.785873
4ryWXi3,26298,Hockey Ballarat,Ned J,Ned,J,4,1,0,0,0,2026-07-01T17:48:03.785944
AqnxAcq,26298,Hockey Ballarat,Ned S,Ned,S,9,4,1,0,0,2026-07-01T17:48:03.786010
4DOOPi3,26298,Hockey Ballarat,Neve W,Neve,W,3,0,0,0,0,2026-07-01T17:48:03.786076
B201BIJ,26298,Hockey Ballarat,Nic H,Nic,H,10,7,0,0,0,2026-07-01T17:48:03.786142
1wOWai2,26298,Hockey Ballarat,Nicholas H,Nicholas,H,10,1,0,0,0,2026-07-01T17:48:03.786209
Vl6Wjcw,26298,Hockey Ballarat,Nicholas J,Nicholas,J,14,0,0,0,0,2026-07-01T17:48:03.786276
LykE8Fn,26298,Hockey Ballarat,Nicholas R,Nicholas,R,9,0,0,0,0,2026-07-01T17:48:03.786354
1G3lGI2,26298,Hockey Ballarat,Nick M,Nick,M,6,0,0,0,0,2026-07-01T17:48:03.786401
XLyDZu8,26298,Hockey Ballarat,Nick T,Nick,T,7,0,0,0,0,2026-07-01T17:48:03.786443
Je9L8F1,26298,Hockey Ballarat,Nick T,Nick,T,1,1,0,0,0,2026-07-01T17:48:03.786483
7ykr3t8,26298,Hockey Ballarat,Nicole S,Nicole,S,4,2,0,0,0,2026-07-01T17:48:03.786528
62jxgs4,26298,Hockey Ballarat,Nigel D,Nigel,D,6,1,0,0,0,2026-07-01T17:48:03.786572
yj0kWF1,26298,Hockey Ballarat,Nina R,Nina,R,7,0,0,0,0,2026-07-01T17:48:03.786617
kZRVgcR,26298,Hockey Ballarat,Noah A,Noah,A,4,0,0,0,0,2026-07-01T17:48:03.786659
jQVjQfN,26298,Hockey Ballarat,Noah G,Noah,G,9,3,0,0,0,2026-07-01T17:48:03.786700
w7LDgUX,26298,Hockey Ballarat,Oakley O,Oakley,O,5,1,0,0,0,2026-07-01T17:48:03.786740
PErn7IP,26298,Hockey Ballarat,Odie B,Odie,B,8,1,0,0,0,2026-07-01T17:48:03.786783
8kgBLhD,26298,Hockey Ballarat,Olivia H,Olivia,H,10,2,0,0,0,2026-07-01T17:48:03.786828
vy74XcZ,26298,Hockey Ballarat,Ondine S,Ondine,S,4,0,0,0,0,2026-07-01T17:48:03.786869
MXYzjHa,26298,Hockey Ballarat,Oryst P,Oryst,P,5,0,0,0,0,2026-07-01T17:48:03.786910
qn2xgcZ,26298,Hockey Ballarat,Oscar S,Oscar,S,5,0,0,0,0,2026-07-01T17:48:03.786957
Zer0KFl,26298,Hockey Ballarat,Oscar W,Oscar,W,6,5,0,0,0,2026-07-01T17:48:03.787000
9wRRgIX,26298,Hockey Ballarat,Owen B,Owen,B,2,0,0,0,0,2026-07-01T17:48:03.787041
YzrkZHm,26298,Hockey Ballarat,Paige K,Paige,K,7,0,0,0,0,2026-07-01T17:48:03.787082
GbywOfB,26298,Hockey Ballarat,Patrick B,Patrick,B,8,3,0,0,0,2026-07-01T17:48:03.787128
4DzbEf3,26298,Hockey Ballarat,Penny E,Penny,E,4,0,0,0,0,2026-07-01T17:48:03.787171
gWQP7Tm,26298,Hockey Ballarat,Peter R,Peter,R,10,0,0,0,0,2026-07-01T17:48:03.787213
zwZ6OSB,26298,Hockey Ballarat,Pheobe B,Pheobe,B,3,0,0,0,0,2026-07-01T17:48:03.787254
1JAzGu2,26298,Hockey Ballarat,Pippa L,Pippa,L,6,0,0,0,0,2026-07-01T17:48:03.787301
KvRgnUm,26298,Hockey Ballarat,Polly S,Polly,S,5,0,0,0,0,2026-07-01T17:48:03.787355
ERz96HN,26298,Hockey Ballarat,Poppy L,Poppy,L,4,0,0,0,0,2026-07-01T17:48:03.787401
BDYmEuJ,26298,Hockey Ballarat,Poppy S,Poppy,S,2,1,0,0,0,2026-07-01T17:48:03.787444
v36QACZ,26298,Hockey Ballarat,Quinn B,Quinn,B,7,2,0,0,0,2026-07-01T17:48:03.787488
BgzVgiJ,26298,Hockey Ballarat,Quinn M,Quinn,M,12,0,1,0,0,2026-07-01T17:48:03.787531
WlzOECO,26298,Hockey Ballarat,Rachel A,Rachel,A,2,0,0,0,0,2026-07-01T17:48:03.787576
9D8lwSX,26298,Hockey Ballarat,Rachel B,Rachel,B,4,0,0,0,0,2026-07-01T17:48:03.787619
nGa91H8,26298,Hockey Ballarat,Rajinder U,Rajinder,U,5,0,0,0,0,2026-07-01T17:48:03.787664
vAj2JuZ,26298,Hockey Ballarat,Rebecca L,Rebecca,L,6,0,0,0,0,2026-07-01T17:48:03.787708
L3ma9In,26298,Hockey Ballarat,Rebekah C,Rebekah,C,0,0,0,0,0,2026-07-01T17:48:03.787753
kn31vtR,26298,Hockey Ballarat,Reg B,Reg,B,5,2,0,0,0,2026-07-01T17:48:03.787800
lByqZux,26298,Hockey Ballarat,Reuben P,Reuben,P,14,2,0,0,0,2026-07-01T17:48:03.787849
020O6t3,26298,Hockey Ballarat,Reuben P,Reuben,P,4,0,0,0,0,2026-07-01T17:48:03.787893
2x8ZGU2,26298,Hockey Ballarat,Richard G,Richard,G,8,0,0,0,0,2026-07-01T17:48:03.787936
nmlR8h8,26298,Hockey Ballarat,Richard P,Richard,P,5,0,0,0,0,2026-07-01T17:48:03.787981
O8VRGU9,26298,Hockey Ballarat,Riley K,Riley,K,4,0,0,0,0,2026-07-01T17:48:03.788031
9KnaZiX,26298,Hockey Ballarat,Riley K,Riley,K,13,3,0,0,0,2026-07-01T17:48:03.788077
QxeORfw,26298,Hockey Ballarat,Rohaan D,Rohaan,D,7,0,0,0,0,2026-07-01T17:48:03.788120
yyneQu1,26298,Hockey Ballarat,Roman B,Roman,B,6,1,0,0,0,2026-07-01T17:48:03.788164
LOma9Fn,26298,Hockey Ballarat,Ronan T,Ronan,T,6,1,0,0,0,2026-07-01T17:48:03.788208
O62Qqi9,26298,Hockey Ballarat,Rory D,Rory,D,6,3,1,0,0,2026-07-01T17:48:03.788252
n2J8YF8,26298,Hockey Ballarat,Roy R,Roy,R,6,5,0,0,0,2026-07-01T17:48:03.788300
rYRWjHg,26298,Hockey Ballarat,Ruaridh S,Ruaridh,S,5,0,0,0,0,2026-07-01T17:48:03.788356
eYNLjI3,26298,Hockey Ballarat,Ruby H,Ruby,H,7,0,0,0,0,2026-07-01T17:48:03.788403
2WGaGS2,26298,Hockey Ballarat,Ruhi K,Ruhi,K,4,1,0,0,0,2026-07-01T17:48:03.788449
ZNmgaul,26298,Hockey Ballarat,Russell S,Russell,S,7,1,0,0,0,2026-07-01T17:48:03.788493
gxa4Ghm,26298,Hockey Ballarat,Ryan G,Ryan,G,6,4,0,0,0,2026-07-01T17:48:03.788534
493Yys3,26298,Hockey Ballarat,Ryan L,Ryan,L,5,0,0,0,0,2026-07-01T17:48:03.788576
AWVleFq,26298,Hockey Ballarat,Ryan P,Ryan,P,10,1,0,0,0,2026-07-01T17:48:03.788618
6OZGnf4,26298,Hockey Ballarat,Sabrina G,Sabrina,G,5,0,0,0,0,2026-07-01T17:48:03.788662
VxQlZSw,26298,Hockey Ballarat,Safia H,Safia,H,13,3,0,0,0,2026-07-01T17:48:03.788706
jWLmeUN,26298,Hockey Ballarat,Sam B,Sam,B,5,3,0,0,0,2026-07-01T17:48:03.788750
A3l6QSq,26298,Hockey Ballarat,Sam C,Sam,C,5,0,0,0,0,2026-07-01T17:48:03.788795
nB3PYh8,26298,Hockey Ballarat,Samantha D,Samantha,D,5,0,0,0,0,2026-07-01T17:48:03.788838
ybKMWI1,26298,Hockey Ballarat,Samara D,Samara,D,1,0,0,0,0,2026-07-01T17:48:03.788880
bnL2Rc3,26298,Hockey Ballarat,Samuel M,Samuel,M,4,2,0,0,0,2026-07-01T17:48:03.788922
YzK84Um,26298,Hockey Ballarat,Sanuk A,Sanuk,A,5,0,0,1,0,2026-07-01T17:48:03.788964
Qr6nDiw,26298,Hockey Ballarat,Sarah A,Sarah,A,6,1,1,0,0,2026-07-01T17:48:03.789006
rJlykUg,26298,Hockey Ballarat,Sarah M,Sarah,M,5,0,0,0,0,2026-07-01T17:48:03.789049
WkJm2iO,26298,Hockey Ballarat,Saul K,Saul,K,4,0,0,0,0,2026-07-01T17:48:03.789092
QDNK6Uw,26298,Hockey Ballarat,Savenya A,Savenya,A,3,0,0,0,0,2026-07-01T17:48:03.789141
KNX0nUm,26298,Hockey Ballarat,Scarlett N,Scarlett,N,6,0,0,0,0,2026-07-01T17:48:03.789191
Blw4ECJ,26298,Hockey Ballarat,Scott B,Scott,B,5,0,0,0,0,2026-07-01T17:48:03.789237
Xe6qxh8,26298,Hockey Ballarat,Scott M,Scott,M,8,1,0,0,0,2026-07-01T17:48:03.789278
XyX0aS8,26298,Hockey Ballarat,Sebastian H,Sebastian,H,9,11,0,0,0,2026-07-01T17:48:03.789319
62wr1s4,26298,Hockey Ballarat,Sebastian P,Sebastian,P,13,0,0,0,0,2026-07-01T17:48:03.789372
gKkGGtm,26298,Hockey Ballarat,Seth K,Seth,K,5,0,0,0,0,2026-07-01T17:48:03.789419
4g7RbU3,26298,Hockey Ballarat,Shara B,Shara,B,5,0,0,0,0,2026-07-01T17:48:03.789461
aWyKLc1,26298,Hockey Ballarat,Siphesihle M,Siphesihle,M,7,0,0,0,0,2026-07-01T17:48:03.789505
ar9KNT1,26298,Hockey Ballarat,Sonny D,Sonny,D,7,0,0,0,0,2026-07-01T17:48:04.961741
Kb4NBSm,26298,Hockey Ballarat,Sophia P,Sophia,P,11,4,0,0,0,2026-07-01T17:48:04.961824
nn8ywF8,26298,Hockey Ballarat,Sophia S,Sophia,S,11,0,0,0,0,2026-07-01T17:48:04.961878
bWvX9T3,26298,Hockey Ballarat,Sophie R,Sophie,R,8,1,0,0,0,2026-07-01T17:48:04.961925
VQAnbFw,26298,Hockey Ballarat,Sophie T,Sophie,T,6,0,0,0,0,2026-07-01T17:48:04.961970
03yNJu3,26298,Hockey Ballarat,Stephen B,Stephen,B,6,0,0,0,0,2026-07-01T17:48:04.962014
9wVYZhX,26298,Hockey Ballarat,Stephen M,Stephen,M,7,0,0,0,0,2026-07-01T17:48:04.962057
ML7yjia,26298,Hockey Ballarat,Sullivan K,Sullivan,K,6,3,0,0,0,2026-07-01T17:48:04.962100
gaVA7um,26298,Hockey Ballarat,Susan M,Susan,M,12,0,0,0,0,2026-07-01T17:48:04.962142
ga4DeTm,26298,Hockey Ballarat,Susan W,Susan,W,3,0,0,0,0,2026-07-01T17:48:04.962184
OwVROI9,26298,Hockey Ballarat,Talika D,Talika,D,7,0,0,0,0,2026-07-01T17:48:04.962228
QlGxZiw,26298,Hockey Ballarat,Tayla M,Tayla,M,6,0,0,0,0,2026-07-01T17:48:04.962270
KvY9gUm,26298,Hockey Ballarat,Ted B,Ted,B,7,1,1,0,0,2026-07-01T17:48:04.962312
L8eYksn,26298,Hockey Ballarat,Thais M,Thais,M,6,0,1,0,0,2026-07-01T17:48:04.962368
ERLAPSN,26298,Hockey Ballarat,Thane B,Thane,B,5,0,0,0,0,2026-07-01T17:48:04.962412
wzExgFX,26298,Hockey Ballarat,Theo L,Theo,L,5,0,0,0,0,2026-07-01T17:48:04.962454
6DKjOh4,26298,Hockey Ballarat,Theodore R,Theodore,R,5,0,0,0,0,2026-07-01T17:48:04.962500
MxXD4ia,26298,Hockey Ballarat,Thomas A,Thomas,A,5,1,0,0,0,2026-07-01T17:48:04.962543
Vwe6gFw,26298,Hockey Ballarat,Thomas B,Thomas,B,14,16,0,0,0,2026-07-01T17:48:04.962593
9jmRyHX,26298,Hockey Ballarat,Thomas C,Thomas,C,6,0,0,0,0,2026-07-01T17:48:04.962636
W3nQxfO,26298,Hockey Ballarat,Thomas G,Thomas,G,4,0,0,0,0,2026-07-01T17:48:04.962677
Rl89WSe,26298,Hockey Ballarat,Thomas P,Thomas,P,7,0,0,0,0,2026-07-01T17:48:04.962722
mXR0qSP,26298,Hockey Ballarat,Timothy D,Timothy,D,7,0,1,0,0,2026-07-01T17:48:04.962763
3nWM7uw,26298,Hockey Ballarat,Timothy O,Timothy,O,5,0,0,0,0,2026-07-01T17:48:04.962804
MxPb1fa,26298,Hockey Ballarat,Toby D,Toby,D,5,0,0,0,0,2026-07-01T17:48:04.962898
nGlEXU8,26298,Hockey Ballarat,Toby G,Toby,G,6,0,0,0,0,2026-07-01T17:48:04.962967
b7LzDh3,26298,Hockey Ballarat,Toby H,Toby,H,10,9,1,0,0,2026-07-01T17:48:04.963041
eOzAjT3,26298,Hockey Ballarat,Tom M,Tom,M,5,2,1,1,0,2026-07-01T17:48:04.963108
K73Erhm,26298,Hockey Ballarat,Traiyth L,Traiyth,L,13,13,0,0,0,2026-07-01T17:48:04.963176
W6ePqIO,26298,Hockey Ballarat,Troy S,Troy,S,10,1,2,0,0,2026-07-01T17:48:04.963247
MRPD9Ua,26298,Hockey Ballarat,Tylah H,Tylah,H,3,0,0,0,0,2026-07-01T17:48:04.963318
yqjEnt1,26298,Hockey Ballarat,Tyson J,Tyson,J,2,1,0,0,0,2026-07-01T17:48:04.963417
nB3LXF8,26298,Hockey Ballarat,Vera S,Vera,S,0,0,0,0,0,2026-07-01T17:48:04.963483
WK7YyUO,26298,Hockey Ballarat,Victoria C,Victoria,C,6,0,0,0,0,2026-07-01T17:48:04.963526
4PGxEH3,26298,Hockey Ballarat,Walter A,Walter,A,6,0,0,0,0,2026-07-01T17:48:04.963572
EwlA9uN,26298,Hockey Ballarat,Wilbur C,Wilbur,C,7,4,0,0,0,2026-07-01T17:48:04.963612
8OrX7uD,26298,Hockey Ballarat,Will R,Will,R,11,0,0,0,0,2026-07-01T17:48:04.963655
mk6gjIP,26298,Hockey Ballarat,william D,william,D,3,0,0,0,0,2026-07-01T17:48:04.963695
0jJYLH3,26298,Hockey Ballarat,William H,William,H,9,3,0,0,0,2026-07-01T17:48:04.963737
ay62qC1,26298,Hockey Ballarat,William S,William,S,5,0,0,0,0,2026-07-01T17:48:04.963777
ZqN2xtl,26298,Hockey Ballarat,Willow P,Willow,P,5,0,0,0,0,2026-07-01T17:48:04.963818
rXQYvSg,26298,Hockey Ballarat,Willow R,Willow,R,11,1,0,0,0,2026-07-01T17:48:04.963861
4PDngU3,26298,Hockey Ballarat,Xavier J,Xavier,J,5,1,0,0,0,2026-07-01T17:48:04.963902
DKkgJUk,26298,Hockey Ballarat,Xavier P,Xavier,P,9,3,0,0,0,2026-07-01T17:48:04.963942
AzVgAFq,26298,Hockey Ballarat,Yuma H,Yuma,H,6,2,0,0,0,2026-07-01T17:48:04.963983
xxemrcD,26298,Hockey Ballarat,Zahra O,Zahra,O,6,0,0,0,0,2026-07-01T17:48:04.964023
YEzOjFm,26298,Hockey Ballarat,Zara M,Zara,M,6,0,0,0,0,2026-07-01T17:48:04.964064
7VGKQc8,26298,Hockey Ballarat,Zara S,Zara,S,10,1,0,0,0,2026-07-01T17:48:04.964105
zzxOnHB,26298,Hockey Ballarat,Zephyr W,Zephyr,W,6,0,0,0,0,2026-07-01T17:48:04.964145
nBBq8F8,26298,Hockey Ballarat,Zoe K,Zoe,K,5,2,0,0,0,2026-07-01T17:48:04.964185
JMyADT1,26298,Hockey Ballarat,Zoe M,Zoe,M,5,1,0,0,0,2026-07-01T17:48:04.964230
xGJMjUD,26075,Sunraysia Hockey Association,Alaina Ames,Alaina,Ames,3,0,0,0,0,2026-07-01T17:48:10.203714
J210DI1,26075,Sunraysia Hockey Association,Hamish Archibald,Hamish,Archibald,1,2,0,0,0,2026-07-01T17:48:10.203797
G8vyPHB,26075,Sunraysia Hockey Association,Lauren Ash,Lauren,Ash,5,0,0,0,0,2026-07-01T17:48:10.203846
xw9YWCD,26075,Sunraysia Hockey Association,Demi Atkinson,Demi,Atkinson,1,0,0,0,0,2026-07-01T17:48:10.203892
W1nXEuO,26075,Sunraysia Hockey Association,Alexander Baker,Alexander,Baker,8,1,0,0,0,2026-07-01T17:48:10.203940
NOQR7Ul,26075,Sunraysia Hockey Association,Maddie Baker,Maddie,Baker,0,0,0,0,0,2026-07-01T17:48:10.203982
G8ajxUB,26075,Sunraysia Hockey Association,Greg Barker,Greg,Barker,7,1,0,0,0,2026-07-01T17:48:10.204027
XOn4NI8,26075,Sunraysia Hockey Association,Archer Barlow,Archer,Barlow,2,0,0,0,0,2026-07-01T17:48:10.204069
qBl7KfZ,26075,Sunraysia Hockey Association,Carrie Barlow,Carrie,Barlow,7,0,0,0,0,2026-07-01T17:48:10.204115
lv7E1Ix,26075,Sunraysia Hockey Association,Cobie Bayles,Cobie,Bayles,0,0,0,0,0,2026-07-01T17:48:10.204156
6qe9Ou4,26075,Sunraysia Hockey Association,Callum Beckwith,Callum,Beckwith,8,0,1,0,0,2026-07-01T17:48:10.204197
ExlwrHN,26075,Sunraysia Hockey Association,Ryder Beckwith,Ryder,Beckwith,9,2,0,0,0,2026-07-01T17:48:10.204238
G3Dk7fB,26075,Sunraysia Hockey Association,Sarah Beckwith,Sarah,Beckwith,3,0,0,0,0,2026-07-01T17:48:10.204278
ajvYLh1,26075,Sunraysia Hockey Association,Shane Beckwith,Shane,Beckwith,2,0,0,0,0,2026-07-01T17:48:10.204319
EqQOPfN,26075,Sunraysia Hockey Association,Hannah Benson,Hannah,Benson,5,8,0,0,0,2026-07-01T17:48:10.204380
zY28nsB,26075,Sunraysia Hockey Association,Rachelle Blake-blundelle,Rachelle,Blake-blundelle,12,0,0,0,0,2026-07-01T17:48:10.204422
WYVvqUO,26075,Sunraysia Hockey Association,Slade Blandford,Slade,Blandford,4,3,1,0,0,2026-07-01T17:48:10.204465
nLvD1T8,26075,Sunraysia Hockey Association,Estelle Bowden,Estelle,Bowden,6,1,0,0,0,2026-07-01T17:48:10.204507
zgqlntB,26075,Sunraysia Hockey Association,Garry Brook,Garry,Brook,6,0,0,0,0,2026-07-01T17:48:10.204548
9jrjyHX,26075,Sunraysia Hockey Association,Oliver Buffon,Oliver,Buffon,0,0,0,0,0,2026-07-01T17:48:10.204589
rWKWkIg,26075,Sunraysia Hockey Association,William Buffon,William,Buffon,5,0,0,0,0,2026-07-01T17:48:10.204630
AQXYeFq,26075,Sunraysia Hockey Association,Ella Burling,Ella,Burling,7,1,0,0,0,2026-07-01T17:48:10.204673
jYYKqIN,26075,Sunraysia Hockey Association,Elliot Cameron,Elliot,Cameron,19,13,0,0,0,2026-07-01T17:48:10.204717
g1j3Vum,26075,Sunraysia Hockey Association,Megan Carr,Megan,Carr,6,3,0,0,0,2026-07-01T17:48:10.204760
zy4bLUB,26075,Sunraysia Hockey Association,Hugh Carrigan,Hugh,Carrigan,5,0,0,0,0,2026-07-01T17:48:10.204804
j7rQ4fN,26075,Sunraysia Hockey Association,Christine Casey,Christine,Casey,6,1,0,0,0,2026-07-01T17:48:10.204848
b01rRU3,26075,Sunraysia Hockey Association,Michael Cass,Michael,Cass,7,0,0,0,0,2026-07-01T17:48:10.204890
1zk3Eh2,26075,Sunraysia Hockey Association,Rhiannon Cass,Rhiannon,Cass,6,1,0,0,0,2026-07-01T17:48:10.204932
7v6Eai8,26075,Sunraysia Hockey Association,Tazmyn Cass,Tazmyn,Cass,12,1,0,0,0,2026-07-01T17:48:10.204972
YGv9Nfm,26075,Sunraysia Hockey Association,Paige Cavanagh-cook,Paige,Cavanagh-cook,8,0,0,0,0,2026-07-01T17:48:10.205013
j20NQtN,26075,Sunraysia Hockey Association,zac cavanagh-cook,zac,cavanagh-cook,13,0,0,0,0,2026-07-01T17:48:10.205055
j7vOlTN,26075,Sunraysia Hockey Association,Thomas Chapman,Thomas,Chapman,7,12,0,0,0,2026-07-01T17:48:10.205096
lyBE1Ix,26075,Sunraysia Hockey Association,Joshua Christian,Joshua,Christian,8,0,0,0,0,2026-07-01T17:48:10.205138
Y6lJqcm,26075,Sunraysia Hockey Association,Sophie Christian,Sophie,Christian,1,0,0,0,0,2026-07-01T17:48:10.205180
W3vE9FO,26075,Sunraysia Hockey Association,Elizabeth Clarke,Elizabeth,Clarke,8,0,0,0,0,2026-07-01T17:48:10.205224
8PeKmFD,26075,Sunraysia Hockey Association,Joshua Clarke,Joshua,Clarke,5,0,0,0,0,2026-07-01T17:48:10.205267
kE88vTR,26075,Sunraysia Hockey Association,Kenzie Clarke,Kenzie,Clarke,15,2,0,0,0,2026-07-01T17:48:10.205308
9ne9gtX,26075,Sunraysia Hockey Association,Lenny Clarke,Lenny,Clarke,9,0,0,0,0,2026-07-01T17:48:10.205360
lrY6ZFx,26075,Sunraysia Hockey Association,Monty Clarke,Monty,Clarke,18,6,0,0,0,2026-07-01T17:48:10.205405
g0wQ1Fm,26075,Sunraysia Hockey Association,Bogna Collins,Bogna,Collins,2,0,0,0,0,2026-07-01T17:48:10.205450
Anwmlsq,26075,Sunraysia Hockey Association,Victor Collins,Victor,Collins,0,0,0,0,0,2026-07-01T17:48:10.205491
Qbyw6iw,26075,Sunraysia Hockey Association,Oscar Crisp,Oscar,Crisp,1,0,0,0,0,2026-07-01T17:48:10.205532
EDqNKiN,26075,Sunraysia Hockey Association,Shelby Crisp,Shelby,Crisp,14,0,0,0,0,2026-07-01T17:48:10.205573
Ber3NUJ,26075,Sunraysia Hockey Association,Matisse Daniel,Matisse,Daniel,1,0,0,0,0,2026-07-01T17:48:10.205614
xLANvUD,26075,Sunraysia Hockey Association,Hunter Darley,Hunter,Darley,0,0,0,0,0,2026-07-01T17:48:10.205660
n7ggYu8,26075,Sunraysia Hockey Association,Luke Dejong,Luke,Dejong,6,12,0,0,0,2026-07-01T17:48:10.205703
7ljD2f8,26075,Sunraysia Hockey Association,Samson Demasi,Samson,Demasi,4,0,0,0,0,2026-07-01T17:48:10.205743
RAKJBhe,26075,Sunraysia Hockey Association,Simon Divola,Simon,Divola,4,4,0,0,0,2026-07-01T17:48:10.205784
P8e7aCP,26075,Sunraysia Hockey Association,Conan Dowdy,Conan,Dowdy,15,1,0,0,0,2026-07-01T17:48:10.205827
q76nZcZ,26075,Sunraysia Hockey Association,Indi Dowdy,Indi,Dowdy,29,10,0,0,0,2026-07-01T17:48:10.205868
MRNymUa,26075,Sunraysia Hockey Association,Reuben Dowdy,Reuben,Dowdy,9,2,0,0,0,2026-07-01T17:48:10.205909
bJyNbi3,26075,Sunraysia Hockey Association,Sonya Drew,Sonya,Drew,5,1,0,0,0,2026-07-01T17:48:10.205949
8PgalFD,26075,Sunraysia Hockey Association,Archie Egan,Archie,Egan,13,2,1,0,0,2026-07-01T17:48:10.205990
D82aRsk,26075,Sunraysia Hockey Association,Darci Ellis,Darci,Ellis,15,1,0,0,0,2026-07-01T17:48:10.206031
wkgYOHX,26075,Sunraysia Hockey Association,John Ellis,John,Ellis,1,0,0,0,0,2026-07-01T17:48:10.206073
D8bxeuk,26075,Sunraysia Hockey Association,Piper Ellis,Piper,Ellis,5,0,0,0,0,2026-07-01T17:48:10.206114
mzEM6fP,26075,Sunraysia Hockey Association,Poppy Ellis,Poppy,Ellis,21,6,0,0,0,2026-07-01T17:48:10.206155
OBQOeS9,26075,Sunraysia Hockey Association,Wendy Finn,Wendy,Finn,4,0,0,0,0,2026-07-01T17:48:10.206196
OJjreS9,26075,Sunraysia Hockey Association,Hanna Flentjar,Hanna,Flentjar,14,1,0,0,0,2026-07-01T17:48:10.206236
4wjWbU3,26075,Sunraysia Hockey Association,Simon Flentjar,Simon,Flentjar,3,0,0,0,0,2026-07-01T17:48:10.206277
03NWLh3,26075,Sunraysia Hockey Association,Taj Flentjar,Taj,Flentjar,4,2,1,0,0,2026-07-01T17:48:10.206319
EY9NPTN,26075,Sunraysia Hockey Association,Amelie Forte,Amelie,Forte,0,0,0,0,0,2026-07-01T17:48:10.206373
j2039tN,26075,Sunraysia Hockey Association,Hunter Fotheringham,Hunter,Fotheringham,7,7,0,0,0,2026-07-01T17:48:10.206414
Xz2QQI8,26075,Sunraysia Hockey Association,Michael Fotheringham,Michael,Fotheringham,2,0,0,0,0,2026-07-01T17:48:10.206454
VJ7Yltw,26075,Sunraysia Hockey Association,Nash Fotheringham,Nash,Fotheringham,18,3,0,0,0,2026-07-01T17:48:10.206497
eMABPf3,26075,Sunraysia Hockey Association,Liam Gardiner,Liam,Gardiner,8,2,1,0,0,2026-07-01T17:48:10.206538
OLjwxt9,26075,Sunraysia Hockey Association,Melissa Gardner,Melissa,Gardner,8,0,0,0,0,2026-07-01T17:48:10.206579
nzEmOu8,26075,Sunraysia Hockey Association,Erin Garraway,Erin,Garraway,4,1,0,0,0,2026-07-01T17:48:10.206619
WmJk9uO,26075,Sunraysia Hockey Association,JONATHAN GAULKE,JONATHAN,GAULKE,4,0,1,0,0,2026-07-01T17:48:10.206659
O6kO9i9,26075,Sunraysia Hockey Association,Logan Gaulke,Logan,Gaulke,5,0,0,0,0,2026-07-01T17:48:10.206699
elQXNC3,26075,Sunraysia Hockey Association,RUBY GAULKE,RUBY,GAULKE,10,1,0,0,0,2026-07-01T17:48:10.206738
yja3bs1,26075,Sunraysia Hockey Association,Teagan Geyer,Teagan,Geyer,13,13,0,1,0,2026-07-01T17:48:10.206778
vxemMCZ,26075,Sunraysia Hockey Association,Ned Giddings,Ned,Giddings,7,0,0,0,0,2026-07-01T17:48:10.206818
nQvK8c8,26075,Sunraysia Hockey Association,Rory Giddings,Rory,Giddings,5,3,0,0,0,2026-07-01T17:48:10.206858
xwjYNhD,26075,Sunraysia Hockey Association,Zali Giddings,Zali,Giddings,16,3,0,0,0,2026-07-01T17:48:10.206902
MPDK9Ua,26075,Sunraysia Hockey Association,Tyler Ginn,Tyler,Ginn,7,2,0,0,0,2026-07-01T17:48:10.206988
ZXxKDTl,26075,Sunraysia Hockey Association,Madeline Gowenlock,Madeline,Gowenlock,16,0,0,0,0,2026-07-01T17:48:10.207060
K7ebrhm,26075,Sunraysia Hockey Association,AJ Gray,AJ,Gray,8,1,0,0,0,2026-07-01T17:48:10.207126
yQarkh1,26075,Sunraysia Hockey Association,Ashleigh Gray,Ashleigh,Gray,5,0,0,0,0,2026-07-01T17:48:10.207189
7VnWqi8,26075,Sunraysia Hockey Association,Paul Greatz,Paul,Greatz,0,0,0,0,0,2026-07-01T17:48:10.207256
3DnVzIw,26075,Sunraysia Hockey Association,Warren Guild,Warren,Guild,7,0,0,0,0,2026-07-01T17:48:10.207323
e8kBZu3,26075,Sunraysia Hockey Association,Hunter Harris,Hunter,Harris,2,0,0,0,0,2026-07-01T17:48:10.207414
vzezJFZ,26075,Sunraysia Hockey Association,Darrien Harrison,Darrien,Harrison,15,0,0,0,0,2026-07-01T17:48:10.207482
k7D4gsR,26075,Sunraysia Hockey Association,Nicholas Hawke,Nicholas,Hawke,2,0,0,0,0,2026-07-01T17:48:10.207549
yEBEnh1,26075,Sunraysia Hockey Association,Ryan Hawke,Ryan,Hawke,2,1,0,0,0,2026-07-01T17:48:10.207620
nnXrOs8,26075,Sunraysia Hockey Association,Blair Head,Blair,Head,6,1,0,0,0,2026-07-01T17:48:10.207686
e70VZH3,26075,Sunraysia Hockey Association,Mark Healy,Mark,Healy,8,1,0,0,0,2026-07-01T17:48:10.207753
Q1Qgxtw,26075,Sunraysia Hockey Association,Zoe Healy,Zoe,Healy,16,9,0,0,0,2026-07-01T17:48:10.207825
91kN8cX,26075,Sunraysia Hockey Association,Kaitlyn Hellwege,Kaitlyn,Hellwege,2,0,0,0,0,2026-07-01T17:48:10.207891
ARZ9KTq,26075,Sunraysia Hockey Association,Terence Herbert,Terence,Herbert,5,1,0,0,0,2026-07-01T17:48:10.207958
garyWsm,26075,Sunraysia Hockey Association,Pippa Hibberd,Pippa,Hibberd,14,1,0,0,0,2026-07-01T17:48:10.208025
garyehm,26075,Sunraysia Hockey Association,Zebb Hibberd,Zebb,Hibberd,7,3,0,0,0,2026-07-01T17:48:10.208092
RenXQSe,26075,Sunraysia Hockey Association,Jenna Hollow,Jenna,Hollow,3,2,0,0,0,2026-07-01T17:48:10.208164
AnMxKFq,26075,Sunraysia Hockey Association,Peter Holt,Peter,Holt,5,4,0,0,0,2026-07-01T17:48:10.208232
yQayqu1,26075,Sunraysia Hockey Association,Jamie Hood,Jamie,Hood,7,2,1,0,0,2026-07-01T17:48:10.208298
bzP7Pi3,26075,Sunraysia Hockey Association,AJ Hugo,AJ,Hugo,17,20,2,0,0,2026-07-01T17:48:10.208387
NKBBrsl,26075,Sunraysia Hockey Association,Alewyn Hugo,Alewyn,Hugo,3,0,0,0,0,2026-07-01T17:48:10.208457
zm3yeiB,26075,Sunraysia Hockey Association,Eleen Hugo,Eleen,Hugo,9,6,0,0,0,2026-07-01T17:48:10.208524
rarggig,26075,Sunraysia Hockey Association,Ellenie Hugo,Ellenie,Hugo,0,0,0,0,0,2026-07-01T17:48:10.208591
Gly80SB,26075,Sunraysia Hockey Association,Phia Hugo,Phia,Hugo,14,5,0,0,0,2026-07-01T17:48:10.208658
D1Jgzfk,26075,Sunraysia Hockey Association,Annalise Hunt,Annalise,Hunt,15,7,0,0,0,2026-07-01T17:48:11.415834
rJ1n0Hg,26075,Sunraysia Hockey Association,Brendan Hunt,Brendan,Hunt,7,4,0,0,0,2026-07-01T17:48:11.415912
7V0BOf8,26075,Sunraysia Hockey Association,Nate Hunt,Nate,Hunt,16,14,0,0,0,2026-07-01T17:48:11.415963
m6gO1iP,26075,Sunraysia Hockey Association,Kaylee Hyde,Kaylee,Hyde,15,0,0,0,0,2026-07-01T17:48:11.416010
2q69kF2,26075,Sunraysia Hockey Association,William Job,William,Job,9,0,0,0,0,2026-07-01T17:48:11.416056
WQXV2sO,26075,Sunraysia Hockey Association,Cooper Josephs,Cooper,Josephs,11,1,0,0,0,2026-07-01T17:48:11.416099
j7MQlcN,26075,Sunraysia Hockey Association,Georgia Kent,Georgia,Kent,6,0,0,0,0,2026-07-01T17:48:11.416141
6D2xgs4,26075,Sunraysia Hockey Association,Indianna Kerr-Robertson,Indianna,Kerr-Robertson,14,0,0,0,0,2026-07-01T17:48:11.416183
QVq86Uw,26075,Sunraysia Hockey Association,Miltiadis Kotroulas,Miltiadis,Kotroulas,0,0,0,0,0,2026-07-01T17:48:11.416226
mJv96UP,26075,Sunraysia Hockey Association,Noah Kovac,Noah,Kovac,6,0,0,0,0,2026-07-01T17:48:11.416269
xyaErSD,26075,Sunraysia Hockey Association,Sefton Lanyon,Sefton,Lanyon,7,0,0,0,0,2026-07-01T17:48:11.416310
gzL3KTm,26075,Sunraysia Hockey Association,Josephine Lewin,Josephine,Lewin,9,1,0,0,0,2026-07-01T17:48:11.416370
m9lR4fP,26075,Sunraysia Hockey Association,Evelyn Lohmeyer,Evelyn,Lohmeyer,1,0,0,0,0,2026-07-01T17:48:11.416413
0yP9ET3,26075,Sunraysia Hockey Association,Isaac Lohmeyer,Isaac,Lohmeyer,8,0,0,0,0,2026-07-01T17:48:11.416453
nZ1E8F8,26075,Sunraysia Hockey Association,Oliver Lohmeyer,Oliver,Lohmeyer,7,0,0,0,0,2026-07-01T17:48:11.416498
P8yXVTP,26075,Sunraysia Hockey Association,Daniel Longo,Daniel,Longo,9,1,0,0,0,2026-07-01T17:48:11.416541
wxELWIX,26075,Sunraysia Hockey Association,Fourie Lourens,Fourie,Lourens,6,0,0,0,0,2026-07-01T17:48:11.416583
m99e3tP,26075,Sunraysia Hockey Association,Georgie Maas,Georgie,Maas,5,0,0,0,0,2026-07-01T17:48:11.416629
ZangWSl,26075,Sunraysia Hockey Association,Edward Madden,Edward,Madden,5,0,0,0,0,2026-07-01T17:48:11.416671
49EeYu3,26075,Sunraysia Hockey Association,Elsie Madden,Elsie,Madden,4,0,0,0,0,2026-07-01T17:48:11.416714
MRrPASa,26075,Sunraysia Hockey Association,Kate Madden,Kate,Madden,2,0,0,0,0,2026-07-01T17:48:11.416756
ElOQPfN,26075,Sunraysia Hockey Association,Meredith Madden,Meredith,Madden,4,3,0,0,0,2026-07-01T17:48:11.416801
8amx8cD,26075,Sunraysia Hockey Association,Philippa Madden,Philippa,Madden,17,2,0,0,0,2026-07-01T17:48:11.416841
kxelnfR,26075,Sunraysia Hockey Association,Violet Madden,Violet,Madden,19,2,0,0,0,2026-07-01T17:48:11.416882
3k1n7Iw,26075,Sunraysia Hockey Association,Ben Manfield,Ben,Manfield,7,0,0,0,0,2026-07-01T17:48:11.416923
Xgk3Zc8,26075,Sunraysia Hockey Association,Sebastian Manfield,Sebastian,Manfield,1,0,0,0,0,2026-07-01T17:48:11.416963
Q32x7Iw,26075,Sunraysia Hockey Association,Patrick Mannes,Patrick,Mannes,16,2,0,0,0,2026-07-01T17:48:11.417005
6gjx1C4,26075,Sunraysia Hockey Association,Alaura Manning,Alaura,Manning,27,2,0,0,0,2026-07-01T17:48:11.417046
0JW3JS3,26075,Sunraysia Hockey Association,Roman Manning,Roman,Manning,9,0,0,0,0,2026-07-01T17:48:11.417086
g18kKHm,26075,Sunraysia Hockey Association,Willem McGregor,Willem,McGregor,4,0,0,0,0,2026-07-01T17:48:11.417126
P638ZuP,26075,Sunraysia Hockey Association,Imogen McLeod Reese,Imogen,McLeod Reese,18,1,0,0,0,2026-07-01T17:48:11.417169
LbVz0hn,26075,Sunraysia Hockey Association,Abbey McPhee,Abbey,McPhee,11,1,0,0,0,2026-07-01T17:48:11.417214
PxxqzIP,26075,Sunraysia Hockey Association,Joshua McShane,Joshua,McShane,3,0,0,0,0,2026-07-01T17:48:11.417255
ElnD6tN,26075,Sunraysia Hockey Association,Sam Megson,Sam,Megson,6,2,0,0,0,2026-07-01T17:48:11.417296
8kLvLCD,26075,Sunraysia Hockey Association,Jessica Melsen,Jessica,Melsen,9,6,0,0,0,2026-07-01T17:48:11.417348
e1KOeF3,26075,Sunraysia Hockey Association,Jack Meppem,Jack,Meppem,4,0,0,0,0,2026-07-01T17:48:11.417392
nQNLQI8,26075,Sunraysia Hockey Association,Mabel Morrison,Mabel,Morrison,11,1,0,0,0,2026-07-01T17:48:11.417432
e13VWu3,26075,Sunraysia Hockey Association,Eadie Neagle,Eadie,Neagle,6,0,0,0,0,2026-07-01T17:48:11.417476
n7ZqVF8,26075,Sunraysia Hockey Association,Declan Niblett,Declan,Niblett,9,4,0,0,0,2026-07-01T17:48:11.417516
WQNn9sO,26075,Sunraysia Hockey Association,Padrick Niblett,Padrick,Niblett,5,0,0,0,0,2026-07-01T17:48:11.417556
QaGk6Sw,26075,Sunraysia Hockey Association,Annabelle Nichols,Annabelle,Nichols,3,0,0,0,0,2026-07-01T17:48:11.417597
Mxj2jSa,26075,Sunraysia Hockey Association,Jessica Nicholson-ames,Jessica,Nicholson-ames,2,0,0,0,0,2026-07-01T17:48:11.417639
xw9ZjcD,26075,Sunraysia Hockey Association,Alex Norton,Alex,Norton,8,0,0,0,0,2026-07-01T17:48:11.417679
J6zrQT1,26075,Sunraysia Hockey Association,April Nyabonda,April,Nyabonda,23,8,0,0,0,2026-07-01T17:48:11.417719
Vxz9qtw,26075,Sunraysia Hockey Association,Farai Nyabonda,Farai,Nyabonda,10,3,0,0,0,2026-07-01T17:48:11.417763
LybgkTn,26075,Sunraysia Hockey Association,Hank O'Neill,Hank,O'Neill,0,0,0,0,0,2026-07-01T17:48:11.417806
mALNqhP,26075,Sunraysia Hockey Association,Lilly-Rose O'Neill,Lilly-Rose,O'Neill,11,0,0,0,0,2026-07-01T17:48:11.417848
P684MuP,26075,Sunraysia Hockey Association,Rhen O'Neill,Rhen,O'Neill,6,1,0,0,0,2026-07-01T17:48:11.417890
4L3XGU3,26075,Sunraysia Hockey Association,Arianny Obst,Arianny,Obst,5,0,0,0,0,2026-07-01T17:48:11.417932
lXXYPTx,26075,Sunraysia Hockey Association,Rehan Offer,Rehan,Offer,3,1,0,0,0,2026-07-01T17:48:11.417973
WQOqqIO,26075,Sunraysia Hockey Association,Alice Parker,Alice,Parker,9,2,0,0,0,2026-07-01T17:48:11.418018
j7aNefN,26075,Sunraysia Hockey Association,Maggie Parker,Maggie,Parker,8,1,0,0,0,2026-07-01T17:48:11.418062
e7vx1c3,26075,Sunraysia Hockey Association,abbiegail peters,abbiegail,peters,3,3,0,0,0,2026-07-01T17:48:11.418103
nQVNYF8,26075,Sunraysia Hockey Association,Konna Peters,Konna,Peters,17,6,0,0,0,2026-07-01T17:48:11.418143
lvKRkTx,26075,Sunraysia Hockey Association,Logan Pike,Logan,Pike,2,0,0,0,0,2026-07-01T17:48:11.418184
e7wrmH3,26075,Sunraysia Hockey Association,Harry Pyke,Harry,Pyke,14,0,0,0,0,2026-07-01T17:48:11.418226
lyKnkhx,26075,Sunraysia Hockey Association,Lorcan Pyke,Lorcan,Pyke,9,1,0,0,0,2026-07-01T17:48:11.418266
YXvwZim,26075,Sunraysia Hockey Association,Malachy Pyke,Malachy,Pyke,15,3,0,0,0,2026-07-01T17:48:11.418310
ayRBZC1,26075,Sunraysia Hockey Association,Aaron Qualmann,Aaron,Qualmann,0,0,0,0,0,2026-07-01T17:48:11.418362
6qXNOF4,26075,Sunraysia Hockey Association,Hamish Regan,Hamish,Regan,13,13,0,0,0,2026-07-01T17:48:11.418405
a2bjnI1,26075,Sunraysia Hockey Association,Brianna Riley,Brianna,Riley,17,3,0,0,0,2026-07-01T17:48:11.418445
q7kJ3iZ,26075,Sunraysia Hockey Association,Seth Robertson,Seth,Robertson,6,1,0,0,0,2026-07-01T17:48:11.418488
2DP7Gf2,26075,Sunraysia Hockey Association,James Robinson,James,Robinson,0,0,0,0,0,2026-07-01T17:48:11.418528
jAVjniN,26075,Sunraysia Hockey Association,Claudia Roccisano,Claudia,Roccisano,9,1,0,0,0,2026-07-01T17:48:11.418571
6gKeBt4,26075,Sunraysia Hockey Association,Lachlan Salter,Lachlan,Salter,1,0,0,0,0,2026-07-01T17:48:11.418612
03ME4I3,26075,Sunraysia Hockey Association,Charley Saunders,Charley,Saunders,6,0,0,0,0,2026-07-01T17:48:11.418652
1xZveI2,26075,Sunraysia Hockey Association,Ryan Saunders,Ryan,Saunders,13,2,1,0,0,2026-07-01T17:48:11.418692
q7WYrSZ,26075,Sunraysia Hockey Association,Thomas Schmidt,Thomas,Schmidt,9,0,0,0,0,2026-07-01T17:48:11.418732
YlxbnSm,26075,Sunraysia Hockey Association,Dafydd Scholes,Dafydd,Scholes,6,3,0,0,0,2026-07-01T17:48:11.418772
eMyLJu3,26075,Sunraysia Hockey Association,Harry Scholes,Harry,Scholes,19,4,0,0,0,2026-07-01T17:48:11.418812
Lr74eFn,26075,Sunraysia Hockey Association,Tilly Scholes,Tilly,Scholes,24,0,0,0,0,2026-07-01T17:48:11.418856
m9y7qsP,26075,Sunraysia Hockey Association,Toby Searle,Toby,Searle,9,0,0,0,0,2026-07-01T17:48:11.418898
9DrwGtX,26075,Sunraysia Hockey Association,Belinda Seekamp,Belinda,Seekamp,5,0,0,0,0,2026-07-01T17:48:11.418939
9WYnahX,26075,Sunraysia Hockey Association,Kristie Shields,Kristie,Shields,7,5,0,0,0,2026-07-01T17:48:11.418979
wkgx1HX,26075,Sunraysia Hockey Association,Trinity Shields,Trinity,Shields,7,2,0,0,0,2026-07-01T17:48:11.419018
8MZx9TD,26075,Sunraysia Hockey Association,Tully Shields,Tully,Shields,4,1,0,0,0,2026-07-01T17:48:11.419059
ZWVkgIl,26075,Sunraysia Hockey Association,Zahli Simmonds,Zahli,Simmonds,6,1,0,0,0,2026-07-01T17:48:11.419099
XK4Wrc8,26075,Sunraysia Hockey Association,Mitchell Simms,Mitchell,Simms,7,0,0,0,0,2026-07-01T17:48:11.419139
EN7DQHN,26075,Sunraysia Hockey Association,AGUSTINA SIMON VIDELA,AGUSTINA,SIMON VIDELA,4,6,0,0,0,2026-07-01T17:48:11.419179
yYbLWi1,26075,Sunraysia Hockey Association,Emily Smith,Emily,Smith,18,0,0,0,0,2026-07-01T17:48:11.419219
NRz6ETl,26075,Sunraysia Hockey Association,Joshua Smith,Joshua,Smith,9,2,0,0,0,2026-07-01T17:48:11.419259
3DzKETw,26075,Sunraysia Hockey Association,Mya SMITH,Mya,SMITH,18,0,0,0,0,2026-07-01T17:48:11.419303
WgzGYHO,26075,Sunraysia Hockey Association,ZOE Smith,ZOE,Smith,10,0,0,0,0,2026-07-01T17:48:11.419414
nGAGZS8,26075,Sunraysia Hockey Association,Cian Snyman,Cian,Snyman,5,3,0,0,0,2026-07-01T17:48:11.419495
WQZXqsO,26075,Sunraysia Hockey Association,Chantel Stackpool,Chantel,Stackpool,15,2,0,0,0,2026-07-01T17:48:11.419567
aMgOLf1,26075,Sunraysia Hockey Association,Tiffany Stackpool,Tiffany,Stackpool,18,0,0,0,0,2026-07-01T17:48:11.419629
9PQ2NcX,26075,Sunraysia Hockey Association,Krystal Stenner,Krystal,Stenner,5,0,0,0,0,2026-07-01T17:48:11.419672
WKRyxIO,26075,Sunraysia Hockey Association,Mitchell Stenner,Mitchell,Stenner,11,12,0,0,0,2026-07-01T17:48:11.419713
GzWn0SB,26075,Sunraysia Hockey Association,Oliver Tait,Oliver,Tait,7,0,0,0,0,2026-07-01T17:48:11.419754
MDJ4ASa,26075,Sunraysia Hockey Association,Lincoln Tate,Lincoln,Tate,3,0,0,0,0,2026-07-01T17:48:11.419794
6qXl1U4,26075,Sunraysia Hockey Association,Abbygale Taylor,Abbygale,Taylor,9,2,0,0,0,2026-07-01T17:48:11.419834
vy79AIZ,26075,Sunraysia Hockey Association,Ashley Taylor,Ashley,Taylor,5,0,0,0,0,2026-07-01T17:48:11.419880
QrPM2fw,26075,Sunraysia Hockey Association,Aurora Taylor,Aurora,Taylor,15,5,0,0,0,2026-07-01T17:48:11.419921
1YOkzi2,26075,Sunraysia Hockey Association,Evie Taylor,Evie,Taylor,20,0,0,0,0,2026-07-01T17:48:11.419962
PXAx8uP,26075,Sunraysia Hockey Association,Izabel Taylor,Izabel,Taylor,8,0,0,0,0,2026-07-01T17:48:11.420002
mJnngHP,26075,Sunraysia Hockey Association,Jotham Taylor,Jotham,Taylor,19,4,0,0,0,2026-07-01T17:48:11.420042
8A9QlHD,26075,Sunraysia Hockey Association,Kara Taylor,Kara,Taylor,4,0,0,0,0,2026-07-01T17:48:11.420082
vy7vESZ,26075,Sunraysia Hockey Association,Nyx Taylor,Nyx,Taylor,19,0,0,0,0,2026-07-01T17:48:11.420127
XZqmNu8,26075,Sunraysia Hockey Association,Regan Taylor,Regan,Taylor,8,4,0,0,0,2026-07-01T17:48:11.420168
yXGxJh1,26075,Sunraysia Hockey Association,Henry Thompson,Henry,Thompson,7,1,0,0,0,2026-07-01T17:48:11.420211
71AXQt8,26075,Sunraysia Hockey Association,Imogen Thompson,Imogen,Thompson,11,3,0,0,0,2026-07-01T17:48:12.557828
xy2OEfD,26075,Sunraysia Hockey Association,Joshua Thompson,Joshua,Thompson,2,0,0,0,0,2026-07-01T17:48:12.557902
3k8EGfw,26075,Sunraysia Hockey Association,Robert Thompson,Robert,Thompson,8,1,0,0,0,2026-07-01T17:48:12.557952
R0QLWfe,26075,Sunraysia Hockey Association,Timothy Thompson,Timothy,Thompson,17,3,0,0,0,2026-07-01T17:48:12.558002
6g80gu4,26075,Sunraysia Hockey Association,Virginia Thompson,Virginia,Thompson,14,1,0,0,0,2026-07-01T17:48:12.558047
wzv96FX,26075,Sunraysia Hockey Association,Yesha Trehan,Yesha,Trehan,19,3,0,0,0,2026-07-01T17:48:12.558089
99K3aIX,26075,Sunraysia Hockey Association,Chase Trevena,Chase,Trevena,8,2,0,0,0,2026-07-01T17:48:12.558132
q7AMEIZ,26075,Sunraysia Hockey Association,Ethan Tschirpig,Ethan,Tschirpig,9,0,0,0,0,2026-07-01T17:48:12.558174
YaWP4Um,26075,Sunraysia Hockey Association,Dionne Tyson,Dionne,Tyson,7,0,0,0,0,2026-07-01T17:48:12.558216
XgLwxT8,26075,Sunraysia Hockey Association,Ivy Underwood,Ivy,Underwood,17,6,0,0,0,2026-07-01T17:48:12.558262
aWbDbc1,26075,Sunraysia Hockey Association,Kiyaan Veeren,Kiyaan,Veeren,6,0,0,0,0,2026-07-01T17:48:12.558303
0Dk2Jf3,26075,Sunraysia Hockey Association,Tanay Veeren,Tanay,Veeren,6,2,0,0,0,2026-07-01T17:48:12.558358
YKG4xUm,26075,Sunraysia Hockey Association,Susan Wakefield,Susan,Wakefield,6,0,0,0,0,2026-07-01T17:48:12.558402
J2ON2I1,26075,Sunraysia Hockey Association,Daniel Walsh,Daniel,Walsh,1,1,0,0,0,2026-07-01T17:48:12.558443
4jMeEi3,26075,Sunraysia Hockey Association,Noah White,Noah,White,2,0,0,0,0,2026-07-01T17:48:12.558484
29RnMS2,26075,Sunraysia Hockey Association,Matthew Wickham,Matthew,Wickham,5,6,1,0,0,2026-07-01T17:48:12.558529
3DOjxCw,26075,Sunraysia Hockey Association,Ari Williams,Ari,Williams,7,1,0,0,0,2026-07-01T17:48:12.558570
wrLRyCX,26075,Sunraysia Hockey Association,Zoe Williams,Zoe,Williams,2,0,0,0,0,2026-07-01T17:48:12.558612
L3JJkSn,26075,Sunraysia Hockey Association,Brea Wilson,Brea,Wilson,1,0,0,0,0,2026-07-01T17:48:12.558653
aZLWVs1,26075,Sunraysia Hockey Association,Flynn Wood,Flynn,Wood,10,3,0,0,0,2026-07-01T17:48:12.558699
NRRV6Cl,26075,Sunraysia Hockey Association,Jordan Woods,Jordan,Woods,22,2,0,0,0,2026-07-01T17:48:12.558741
68Jenh4,26075,Sunraysia Hockey Association,Adam Zibell,Adam,Zibell,3,0,0,0,0,2026-07-01T17:48:12.558782
G8vyPHB,25775,Sunraysia Hockey Association,Lauren Ash,Lauren,Ash,1,0,0,0,0,2026-07-01T17:48:15.748834
EqQOPfN,25775,Sunraysia Hockey Association,Hannah Benson,Hannah,Benson,5,4,0,0,0,2026-07-01T17:48:15.748914
aY7WKu1,25775,Sunraysia Hockey Association,Patrick Blain,Patrick,Blain,4,2,0,0,0,2026-07-01T17:48:15.748966
AQXYeFq,25775,Sunraysia Hockey Association,Ella Burling,Ella,Burling,7,0,0,0,0,2026-07-01T17:48:15.749012
zy4bLUB,25775,Sunraysia Hockey Association,Hugh Carrigan,Hugh,Carrigan,8,0,0,0,0,2026-07-01T17:48:15.749082
7v6Eai8,25775,Sunraysia Hockey Association,Tazmyn Cass,Tazmyn,Cass,0,0,0,0,0,2026-07-01T17:48:15.749145
j20NQtN,25775,Sunraysia Hockey Association,zac cavanagh-cook,zac,cavanagh-cook,3,0,0,0,0,2026-07-01T17:48:15.749189
62gwnT4,25775,Sunraysia Hockey Association,Jade Chapman,Jade,Chapman,1,2,0,0,0,2026-07-01T17:48:15.749232
eg7KJC3,25775,Sunraysia Hockey Association,Sarah Chapman,Sarah,Chapman,1,1,0,0,0,2026-07-01T17:48:15.749275
j7vOlTN,25775,Sunraysia Hockey Association,Thomas Chapman,Thomas,Chapman,6,20,0,0,0,2026-07-01T17:48:15.749317
kE88vTR,25775,Sunraysia Hockey Association,Kenzie Clarke,Kenzie,Clarke,1,0,0,0,0,2026-07-01T17:48:15.749376
Qbyw6iw,25775,Sunraysia Hockey Association,Oscar Crisp,Oscar,Crisp,4,4,0,0,0,2026-07-01T17:48:15.749420
Ber3NUJ,25775,Sunraysia Hockey Association,Matisse Daniel,Matisse,Daniel,4,2,0,0,0,2026-07-01T17:48:15.749469
vBkJAsZ,25775,Sunraysia Hockey Association,Kayd Divola,Kayd,Divola,1,3,0,0,0,2026-07-01T17:48:15.749511
RAKJBhe,25775,Sunraysia Hockey Association,Simon Divola,Simon,Divola,4,5,0,0,0,2026-07-01T17:48:15.749552
bJyNbi3,25775,Sunraysia Hockey Association,Sonya Drew,Sonya,Drew,3,0,0,0,0,2026-07-01T17:48:15.749593
Bl9Y1hJ,25775,Sunraysia Hockey Association,Rory Ellis,Rory,Ellis,1,1,0,0,0,2026-07-01T17:48:15.749637
OBQOeS9,25775,Sunraysia Hockey Association,Wendy Finn,Wendy,Finn,4,0,0,0,0,2026-07-01T17:48:15.749679
yEyYzU1,25775,Sunraysia Hockey Association,Joshua Fleming,Joshua,Fleming,5,10,1,0,0,2026-07-01T17:48:15.749721
OJjreS9,25775,Sunraysia Hockey Association,Hanna Flentjar,Hanna,Flentjar,5,1,0,0,0,2026-07-01T17:48:15.749764
4wjWbU3,25775,Sunraysia Hockey Association,Simon Flentjar,Simon,Flentjar,4,0,0,0,0,2026-07-01T17:48:15.749805
03NWLh3,25775,Sunraysia Hockey Association,Taj Flentjar,Taj,Flentjar,2,0,0,0,0,2026-07-01T17:48:15.749846
j2039tN,25775,Sunraysia Hockey Association,Hunter Fotheringham,Hunter,Fotheringham,3,3,0,0,0,2026-07-01T17:48:15.749889
eMABPf3,25775,Sunraysia Hockey Association,Liam Gardiner,Liam,Gardiner,8,13,0,0,0,2026-07-01T17:48:15.749932
yja3bs1,25775,Sunraysia Hockey Association,Teagan Geyer,Teagan,Geyer,7,4,0,0,0,2026-07-01T17:48:15.749973
3k1Bxtw,25775,Sunraysia Hockey Association,Andrew Giddings,Andrew,Giddings,6,2,0,0,0,2026-07-01T17:48:15.750018
7VnWqi8,25775,Sunraysia Hockey Association,Paul Greatz,Paul,Greatz,8,9,0,0,0,2026-07-01T17:48:15.750060
Vn7b4tw,25775,Sunraysia Hockey Association,Fraser Harrison,Fraser,Harrison,7,10,0,0,0,2026-07-01T17:48:15.750101
k7D4gsR,25775,Sunraysia Hockey Association,Nicholas Hawke,Nicholas,Hawke,1,0,0,0,0,2026-07-01T17:48:15.750144
yEBEnh1,25775,Sunraysia Hockey Association,Ryan Hawke,Ryan,Hawke,6,9,0,0,0,2026-07-01T17:48:15.750185
91kN8cX,25775,Sunraysia Hockey Association,Kaitlyn Hellwege,Kaitlyn,Hellwege,8,5,0,0,0,2026-07-01T17:48:15.750225
9wy6GFX,25775,Sunraysia Hockey Association,Riley Herbert,Riley,Herbert,1,0,0,0,0,2026-07-01T17:48:15.750265
garyehm,25775,Sunraysia Hockey Association,Zebb Hibberd,Zebb,Hibberd,6,6,0,0,0,2026-07-01T17:48:15.750316
bzP7Pi3,25775,Sunraysia Hockey Association,AJ Hugo,AJ,Hugo,3,1,0,0,0,2026-07-01T17:48:15.750369
NKBBrsl,25775,Sunraysia Hockey Association,Alewyn Hugo,Alewyn,Hugo,8,3,0,0,0,2026-07-01T17:48:15.750415
zm3yeiB,25775,Sunraysia Hockey Association,Eleen Hugo,Eleen,Hugo,7,2,0,0,0,2026-07-01T17:48:15.750455
j7MQlcN,25775,Sunraysia Hockey Association,Georgia Kent,Georgia,Kent,5,0,0,0,0,2026-07-01T17:48:15.750496
QVq86Uw,25775,Sunraysia Hockey Association,Miltiadis Kotroulas,Miltiadis,Kotroulas,2,0,0,0,0,2026-07-01T17:48:15.750537
8xqELhD,25775,Sunraysia Hockey Association,Brayden Lloyd,Brayden,Lloyd,7,10,0,0,0,2026-07-01T17:48:15.750582
wrLDOsX,25775,Sunraysia Hockey Association,Kingsley Lloyd,Kingsley,Lloyd,10,6,1,0,0,2026-07-01T17:48:15.750623
WQZGYUO,25775,Sunraysia Hockey Association,Luke Lohmeyer,Luke,Lohmeyer,13,1,0,0,0,2026-07-01T17:48:15.750664
vy3WqhZ,25775,Sunraysia Hockey Association,Mark Lohmeyer,Mark,Lohmeyer,7,2,0,0,0,2026-07-01T17:48:15.750705
P8yXVTP,25775,Sunraysia Hockey Association,Daniel Longo,Daniel,Longo,3,1,0,0,0,2026-07-01T17:48:15.750748
71A0QC8,25775,Sunraysia Hockey Association,Zac Mackay,Zac,Mackay,14,2,0,0,0,2026-07-01T17:48:15.750789
D8DjLFk,25775,Sunraysia Hockey Association,Jackson Mclean,Jackson,Mclean,7,6,0,0,0,2026-07-01T17:48:15.750829
PxxqzIP,25775,Sunraysia Hockey Association,Joshua McShane,Joshua,McShane,5,1,0,0,0,2026-07-01T17:48:15.750869
ElnD6tN,25775,Sunraysia Hockey Association,Sam Megson,Sam,Megson,8,2,0,0,0,2026-07-01T17:48:15.750910
v1EjAhZ,25775,Sunraysia Hockey Association,Benjamin Miller,Benjamin,Miller,5,0,0,0,0,2026-07-01T17:48:15.750950
mJxWjfP,25775,Sunraysia Hockey Association,Alice Nyabonda,Alice,Nyabonda,8,5,0,0,0,2026-07-01T17:48:15.750990
aMK1bf1,25775,Sunraysia Hockey Association,Shingirai Nyabonda,Shingirai,Nyabonda,8,4,0,0,0,2026-07-01T17:48:15.751030
lXXYPTx,25775,Sunraysia Hockey Association,Rehan Offer,Rehan,Offer,5,8,0,0,0,2026-07-01T17:48:15.751070
vmP8AFZ,25775,Sunraysia Hockey Association,Michael Penna,Michael,Penna,3,2,0,1,1,2026-07-01T17:48:15.751114
3k18ztw,25775,Sunraysia Hockey Association,Sean Perry,Sean,Perry,8,2,0,0,0,2026-07-01T17:48:15.751162
nQVNYF8,25775,Sunraysia Hockey Association,Konna Peters,Konna,Peters,5,1,0,0,0,2026-07-01T17:48:15.751203
e7wrmH3,25775,Sunraysia Hockey Association,Harry Pyke,Harry,Pyke,8,2,0,0,0,2026-07-01T17:48:15.751243
ayRBZC1,25775,Sunraysia Hockey Association,Aaron Qualmann,Aaron,Qualmann,7,6,0,0,0,2026-07-01T17:48:15.751284
6qXNOF4,25775,Sunraysia Hockey Association,Hamish Regan,Hamish,Regan,1,2,0,0,0,2026-07-01T17:48:15.751325
q7kJ3iZ,25775,Sunraysia Hockey Association,Seth Robertson,Seth,Robertson,7,1,0,0,0,2026-07-01T17:48:15.751377
03ME4I3,25775,Sunraysia Hockey Association,Charley Saunders,Charley,Saunders,2,0,0,0,0,2026-07-01T17:48:15.751418
1xZveI2,25775,Sunraysia Hockey Association,Ryan Saunders,Ryan,Saunders,7,0,0,0,0,2026-07-01T17:48:15.751459
YlxbnSm,25775,Sunraysia Hockey Association,Dafydd Scholes,Dafydd,Scholes,2,0,0,0,0,2026-07-01T17:48:15.751503
8MZx9TD,25775,Sunraysia Hockey Association,Tully Shields,Tully,Shields,2,0,0,0,0,2026-07-01T17:48:15.751603
XK4Wrc8,25775,Sunraysia Hockey Association,Mitchell Simms,Mitchell,Simms,8,0,0,0,0,2026-07-01T17:48:15.751682
EN7DQHN,25775,Sunraysia Hockey Association,AGUSTINA SIMON VIDELA,AGUSTINA,SIMON VIDELA,2,1,0,0,0,2026-07-01T17:48:15.751738
WKRyxIO,25775,Sunraysia Hockey Association,Mitchell Stenner,Mitchell,Stenner,6,12,0,0,0,2026-07-01T17:48:15.751781
QrPM2fw,25775,Sunraysia Hockey Association,Aurora Taylor,Aurora,Taylor,2,0,0,0,0,2026-07-01T17:48:15.751857
8A9QlHD,25775,Sunraysia Hockey Association,Kara Taylor,Kara,Taylor,2,0,0,0,0,2026-07-01T17:48:15.751931
XZqmNu8,25775,Sunraysia Hockey Association,Regan Taylor,Regan,Taylor,12,6,0,0,0,2026-07-01T17:48:15.752011
3k8EGfw,25775,Sunraysia Hockey Association,Robert Thompson,Robert,Thompson,1,0,0,0,0,2026-07-01T17:48:15.752089
6g80gu4,25775,Sunraysia Hockey Association,Virginia Thompson,Virginia,Thompson,9,1,0,0,0,2026-07-01T17:48:15.752161
70MnXi8,25775,Sunraysia Hockey Association,Mitchell Timms,Mitchell,Timms,7,7,0,0,0,2026-07-01T17:48:15.752210
0kWYWC3,25775,Sunraysia Hockey Association,Cooper Topp,Cooper,Topp,5,5,0,1,0,2026-07-01T17:48:15.752284
nQbYEt8,25775,Sunraysia Hockey Association,Jeff Topp,Jeff,Topp,6,4,0,0,0,2026-07-01T17:48:15.752378
YKG4xUm,25775,Sunraysia Hockey Association,Susan Wakefield,Susan,Wakefield,4,0,0,0,0,2026-07-01T17:48:15.752459
29RnMS2,25775,Sunraysia Hockey Association,Matthew Wickham,Matthew,Wickham,1,0,0,0,0,2026-07-01T17:48:15.752530
68Jenh4,25775,Sunraysia Hockey Association,Adam Zibell,Adam,Zibell,6,0,0,0,0,2026-07-01T17:48:15.752605
